Track URI,Track Name,Album Name,Artist Name(s),Release Date,Duration (ms),Popularity,Explicit,Added By,Added At,Genres,Record Label,Danceability,Energy,Key,Loudness,Mode,Speechiness,Acousticness,Instrumentalness,Liveness,Valence,Tempo,Time Signature
spotify:track:7sWRlDoTDX8geTR8zzr2vt,"Hollywood's Bleeding","Hollywood's Bleeding","Post Malone",2019-09-06,156266,75,false,21opbfqensrqobjzl3lumijsy,2022-03-23T19:45:45Z,"","Republic Records",0.405,0.646,4,-3.206,0,0.0476,0.331,0,0.103,0.17,130.218,4
spotify:track:2C6WXnmZ66tHhHlnvwePiK,"Die For Me (feat. Future & Halsey)","Hollywood's Bleeding","Post Malone;Halsey;Future",2019-09-06,245266,71,true,21opbfqensrqobjzl3lumijsy,2022-03-23T19:45:49Z,"rap,trap","Republic Records",0.606,0.66,0,-2.847,1,0.0468,0.19,0,0.211,0.446,145.108,4
spotify:track:12Fkyg9lpmaz2zmKOfw2Y2,"On The Road (feat. Meek Mill & Lil Baby)","Hollywood's Bleeding","Post Malone;Meek Mill;Lil Baby",2019-09-06,218320,70,true,21opbfqensrqobjzl3lumijsy,2022-03-23T19:45:51Z,"rap","Republic Records",0.441,0.737,7,-5.053,1,0.11,0.059,0,0.102,0.22,112.93,5
spotify:track:09IOPhEh1OMe0HD9b36FJk,"Over Now","beerbongs & bentleys","Post Malone",2018-04-27,246986,70,true,21opbfqensrqobjzl3lumijsy,2022-03-23T19:45:53Z,"","Republic Records",0.569,0.777,4,-4.041,0,0.0834,0.137,0,0.132,0.181,164.029,4
spotify:track:0MrRAUcB8AZiB9ue2VOBYe,"Sugar Wraith","beerbongs & bentleys","Post Malone",2018-04-27,228146,64,true,21opbfqensrqobjzl3lumijsy,2022-03-23T19:45:54Z,"","Republic Records",0.607,0.775,5,-4.269,0,0.067,0.262,0,0.1,0.307,164.026,4
spotify:track:5VuxWXbt7XENQCtE9TzpTv,"Spoil My Night (feat. Swae Lee)","beerbongs & bentleys","Post Malone;Swae Lee",2018-04-27,194560,64,true,21opbfqensrqobjzl3lumijsy,2022-03-23T19:45:55Z,"","Republic Records",0.671,0.716,1,-2.714,1,0.034,0.341,0.0000223,0.106,0.238,160.986,4
spotify:track:2VdT56BGpdqNHUgOe1j5vc,"Rich & Sad","beerbongs & bentleys","Post Malone",2018-04-27,206453,66,true,21opbfqensrqobjzl3lumijsy,2022-03-23T19:45:56Z,"","Republic Records",0.596,0.571,2,-4.997,1,0.0716,0.201,0,0.0969,0.282,152.132,4
spotify:track:0LpiKjWMfZTkPPHonlM8nB,"Yours Truly, Austin Post","Stoney (Deluxe)","Post Malone",2016-12-09,219146,59,true,21opbfqensrqobjzl3lumijsy,2022-03-23T19:45:57Z,"","Mercury Records/Republic Owned",0.649,0.618,6,-5.694,1,0.0667,0.48,0.00000253,0.166,0.42,125.976,4
spotify:track:1QWmKmqhv5zcsS3v45FNl0,"Cold","Stoney (Deluxe)","Post Malone",2016-12-09,268933,57,true,21opbfqensrqobjzl3lumijsy,2022-03-23T19:45:57Z,"","Mercury Records/Republic Owned",0.671,0.572,4,-7.312,0,0.0431,0.647,0.00000472,0.104,0.254,133.008,4
spotify:track:5DLTuH4A5VZB2HKpqHQR6t,"Patient","Stoney (Deluxe)","Post Malone",2016-12-09,194333,62,true,21opbfqensrqobjzl3lumijsy,2022-03-23T19:45:58Z,"","Mercury Records/Republic Owned",0.743,0.662,5,-6.108,0,0.179,0.565,0,0.128,0.552,89.975,4
spotify:track:4SYUUlkScpNR1QvPscXf8t,"Too Young","Stoney (Deluxe)","Post Malone",2016-12-09,237146,64,true,21opbfqensrqobjzl3lumijsy,2022-03-23T19:46:00Z,"","Mercury Records/Republic Owned",0.639,0.634,11,-6.526,0,0.0458,0.268,0.0000322,0.0829,0.224,123.035,4
spotify:track:6eT7xZZlB2mwyzJ2sUKG6w,"White Iverson","Stoney (Deluxe)","Post Malone",2016-12-09,256532,83,true,21opbfqensrqobjzl3lumijsy,2022-03-23T19:46:02Z,"","Mercury Records/Republic Owned",0.675,0.561,7,-7.678,1,0.0352,0.233,0,0.0793,0.309,130.098,4
spotify:track:32lItqlMi4LBhb4k0BaSaC,"Candy Paint","beerbongs & bentleys","Post Malone",2018-04-27,227533,77,true,21opbfqensrqobjzl3lumijsy,2022-03-23T19:46:05Z,"","Republic Records",0.66,0.667,4,-5.941,1,0.156,0.64,0.00000122,0.0753,0.381,180.044,4
spotify:track:3swc6WTsr7rl9DqQKQA55C,"Psycho (feat. Ty Dolla $ign)","beerbongs & bentleys","Post Malone;Ty Dolla $ign",2018-04-27,221440,80,true,21opbfqensrqobjzl3lumijsy,2022-03-23T19:46:07Z,"trap soul","Republic Records",0.75,0.56,8,-8.094,1,0.105,0.546,0,0.111,0.459,140.06,4
spotify:track:7dt6x5M1jzdTEt8oCbisTK,"Better Now","beerbongs & bentleys","Post Malone",2018-04-27,231266,84,true,21opbfqensrqobjzl3lumijsy,2022-03-23T19:46:08Z,"","Republic Records",0.674,0.578,10,-5.804,1,0.0408,0.331,0,0.135,0.34,145.07,4
spotify:track:4vvnuJlgBeNVwq3TNmLMNX,"Jackie Chan","The London Sessions","Tiësto;Dzeko;Preme;Post Malone",2020-05-15,215759,69,true,21opbfqensrqobjzl3lumijsy,2022-03-23T19:46:12Z,"edm,trance,big room","Universal Music B.V.",0.747,0.833,3,-2.867,0,0.045,0.374,0,0.0586,0.687,128.008,4
spotify:track:0RiRZpuVRbi7oqRdSMwhQY,"Sunflower - Spider-Man: Into the Spider-Verse","Hollywood's Bleeding","Post Malone;Swae Lee",2019-09-06,157560,86,false,21opbfqensrqobjzl3lumijsy,2022-03-23T19:46:15Z,"","Republic Records",0.755,0.522,2,-4.368,1,0.0575,0.533,0,0.0685,0.925,89.96,4
spotify:track:3a1lNhkSLSkpJE4MSHpDu9,"Congratulations","Stoney (Deluxe)","Post Malone;Quavo",2016-12-09,220293,84,true,21opbfqensrqobjzl3lumijsy,2022-03-23T19:46:19Z,"","Mercury Records/Republic Owned",0.63,0.804,6,-4.183,1,0.0364,0.215,0,0.253,0.492,123.146,4
spotify:track:0e7ipj03S05BNilyu5bRzt,"rockstar (feat. 21 Savage)","beerbongs & bentleys","Post Malone;21 Savage",2018-04-27,218146,85,true,21opbfqensrqobjzl3lumijsy,2022-03-23T19:46:23Z,"","Republic Records",0.585,0.52,5,-6.136,0,0.0713,0.124,0.0000775,0.131,0.129,159.798,4
spotify:track:0H8XeaJunhvpBdBFIYi6Sh,"Deja Vu","Stoney (Deluxe)","Post Malone;Justin Bieber",2016-12-09,234213,70,true,21opbfqensrqobjzl3lumijsy,2022-03-23T19:46:28Z,"","Mercury Records/Republic Owned",0.619,0.69,7,-6.508,1,0.0471,0.0931,0,0.131,0.333,133.932,4
spotify:track:5BoOzegGrg5XFRR8UBDtkF,"Broken Whiskey Glass","Stoney (Deluxe)","Post Malone",2016-12-09,233813,58,true,21opbfqensrqobjzl3lumijsy,2022-03-23T19:46:31Z,"","Mercury Records/Republic Owned",0.428,0.673,0,-7.359,1,0.0522,0.288,0.00000304,0.126,0.107,99.905,4
spotify:track:5dI1yHSqgmilFEqpGbqxHh,"Leave","Stoney (Deluxe)","Post Malone",2016-12-09,324853,60,true,21opbfqensrqobjzl3lumijsy,2022-03-23T19:46:33Z,"","Mercury Records/Republic Owned",0.536,0.55,4,-7.249,1,0.0229,0.246,0.0000995,0.124,0.619,90.086,4
spotify:track:4H7WNRErSbONkM06blBoGc,"Stay","beerbongs & bentleys","Post Malone",2018-04-27,204426,72,true,21opbfqensrqobjzl3lumijsy,2022-03-23T19:46:34Z,"","Republic Records",0.506,0.48,5,-5.418,1,0.0266,0.449,0,0.147,0.351,86.042,4
spotify:track:35r28RDot7nPE7y9K9H7l0,"Feeling Whitney","Stoney (Deluxe)","Post Malone",2016-12-09,257265,72,true,21opbfqensrqobjzl3lumijsy,2022-03-23T19:46:35Z,"","Mercury Records/Republic Owned",0.412,0.227,0,-12.696,1,0.0359,0.787,0.00000469,0.282,0.227,80.111,4
spotify:track:75ZvA4QfFiZvzhj2xkaWAh,"I Fall Apart","Stoney (Deluxe)","Post Malone",2016-12-09,223346,78,true,21opbfqensrqobjzl3lumijsy,2022-03-23T19:46:38Z,"","Mercury Records/Republic Owned",0.556,0.538,8,-5.408,0,0.0382,0.0689,0,0.196,0.291,143.946,4
spotify:track:0R6Jlsq25eZB3Wftpxi3oF,"Jonestown (Interlude)","beerbongs & bentleys","Post Malone",2018-04-27,112013,53,false,21opbfqensrqobjzl3lumijsy,2022-03-23T19:46:40Z,"","Republic Records",0.38,0.454,0,-10.271,0,0.0362,0.755,0.623,0.263,0.288,77.594,4
spotify:track:7MTIDmToGs0I5Oue9V0CHl,"Feel","Stoney (Deluxe)","Post Malone;Kehlani",2016-12-09,197120,60,true,21opbfqensrqobjzl3lumijsy,2022-03-23T19:46:41Z,"","Mercury Records/Republic Owned",0.496,0.506,5,-8.075,0,0.0584,0.214,0.00000492,0.0948,0.192,119.377,4
spotify:track:61jnrkPHpLumBf1kqGpRRt,"Hit This Hard","Stoney (Deluxe)","Post Malone",2016-12-09,249026,57,true,21opbfqensrqobjzl3lumijsy,2022-03-23T19:46:43Z,"","Mercury Records/Republic Owned",0.633,0.553,0,-8.967,1,0.047,0.288,0.0055,0.0825,0.368,139.99,4
spotify:track:02opp1cycqiFNDpLd2o1J3,"Big Lie","Stoney (Deluxe)","Post Malone",2016-12-09,207680,63,true,21opbfqensrqobjzl3lumijsy,2022-03-23T19:46:46Z,"","Mercury Records/Republic Owned",0.442,0.684,6,-4.888,0,0.168,0.191,0,0.0725,0.219,170.862,4
spotify:track:6M0IsaUX4GNyto4niSegfI,"No Option","Stoney (Deluxe)","Post Malone",2016-12-09,179826,66,true,21opbfqensrqobjzl3lumijsy,2022-03-23T19:46:46Z,"","Mercury Records/Republic Owned",0.575,0.734,2,-4.949,1,0.057,0.0757,0,0.241,0.494,83.983,4
spotify:track:2rKmNEYrQxaOPZrOWKZpOc,"Up There","Stoney (Deluxe)","Post Malone",2016-12-09,194826,63,true,21opbfqensrqobjzl3lumijsy,2022-03-23T19:46:47Z,"","Mercury Records/Republic Owned",0.654,0.378,5,-8.108,0,0.0321,0.373,0.0000107,0.0971,0.437,72.975,4
spotify:track:2cvOfKHOHgwQlLiuLKP2xR,"Myself","Hollywood's Bleeding","Post Malone",2019-09-06,158120,62,true,21opbfqensrqobjzl3lumijsy,2022-03-23T19:46:49Z,"","Republic Records",0.549,0.701,0,-4.234,1,0.0299,0.1,0,0.242,0.398,82.023,4
spotify:track:5KE9b4x7Zj2A8XtbkqhqTe,"Staring At The Sun (feat. SZA)","Hollywood's Bleeding","Post Malone;SZA",2019-09-06,168280,67,true,21opbfqensrqobjzl3lumijsy,2022-03-23T19:46:51Z,"r&b","Republic Records",0.724,0.772,6,-4.389,0,0.184,0.248,0,0.308,0.347,95.073,4
spotify:track:1YscJ7yVTlFxW3eF6pv5ba,"Allergic","Hollywood's Bleeding","Post Malone",2019-09-06,156893,61,true,21opbfqensrqobjzl3lumijsy,2022-03-23T19:46:51Z,"","Republic Records",0.664,0.741,0,-3.694,1,0.079,0.154,0.0000302,0.345,0.569,144.968,4
spotify:track:0KAzP1Rbp0Vz5pw8i1KDDI,"Internet","Hollywood's Bleeding","Post Malone",2019-09-06,123386,58,true,21opbfqensrqobjzl3lumijsy,2022-03-23T19:46:51Z,"","Republic Records",0.398,0.489,0,-6.071,1,0.0328,0.841,0,0.103,0.196,73.987,4
spotify:track:1ckLp8lCl8LipXI0ypX72m,"I'm Gonna Be","Hollywood's Bleeding","Post Malone",2019-09-06,200680,67,true,21opbfqensrqobjzl3lumijsy,2022-03-23T19:46:53Z,"","Republic Records",0.746,0.559,5,-4.008,1,0.0316,0.705,0,0.148,0.368,117.938,4
spotify:track:3fpVWegR6YOS1Yk5HSMYIq,"Paranoid","beerbongs & bentleys","Post Malone",2018-04-27,221786,66,false,21opbfqensrqobjzl3lumijsy,2022-03-23T19:46:58Z,"","Republic Records",0.62,0.535,0,-5.428,1,0.0775,0.038,0.0000246,0.167,0.25,159.872,4
spotify:track:5ffntNJnJOeFv7b7DCd0Bw,"Takin' Shots","beerbongs & bentleys","Post Malone",2018-04-27,216746,61,true,21opbfqensrqobjzl3lumijsy,2022-03-23T19:46:58Z,"","Republic Records",0.763,0.621,0,-6.241,1,0.0865,0.609,0,0.464,0.596,120.049,4
spotify:track:1D2L6MefbXon28PzIk9I3r,"92 Explorer","beerbongs & bentleys","Post Malone",2018-04-27,211426,68,true,21opbfqensrqobjzl3lumijsy,2022-03-23T19:46:58Z,"","Republic Records",0.798,0.733,7,-4.811,0,0.0475,0.265,0.00000126,0.114,0.862,146.047,4
spotify:track:5lZZmityu9TAjNvSY6GLhR,"Zack And Codeine","beerbongs & bentleys","Post Malone",2018-04-27,204360,62,true,21opbfqensrqobjzl3lumijsy,2022-03-23T19:46:58Z,"","Republic Records",0.738,0.824,5,-5.165,0,0.0437,0.148,0,0.132,0.386,138.033,4
spotify:track:6IaieqiCVvsNvEt6Y7yOFa,"Ball For Me (feat. Nicki Minaj)","beerbongs & bentleys","Post Malone;Nicki Minaj",2018-04-27,206266,66,true,21opbfqensrqobjzl3lumijsy,2022-03-23T19:46:59Z,"","Republic Records",0.774,0.55,6,-4.166,0,0.301,0.51,0,0.0786,0.538,134.042,4
spotify:track:4qWCFTuNnmGNdY4egtb4ZY,"Otherside","beerbongs & bentleys","Post Malone",2018-04-27,228226,64,true,21opbfqensrqobjzl3lumijsy,2022-03-23T19:47:05Z,"","Republic Records",0.652,0.641,9,-5.667,0,0.0353,0.324,0.00000273,0.208,0.111,104.929,4
spotify:track:1ZemPoaj7LBj1RAQrb89EC,"Blame It On Me","beerbongs & bentleys","Post Malone",2018-04-27,261799,62,false,21opbfqensrqobjzl3lumijsy,2022-03-23T19:47:05Z,"","Republic Records",0.652,0.592,11,-7.274,0,0.0418,0.142,0.00000561,0.164,0.271,121.875,4
spotify:track:0t3ZvGKlmYmVsDzBJAXK8C,"Goodbyes (feat. Young Thug)","Hollywood's Bleeding","Post Malone;Young Thug",2019-09-06,174853,80,true,21opbfqensrqobjzl3lumijsy,2022-03-23T19:47:05Z,"rap,melodic rap,trap","Republic Records",0.547,0.653,5,-3.875,1,0.081,0.456,0,0.103,0.163,150.097,4
spotify:track:2J0NXdHr6MYvKDSxB7k3V2,"A Thousand Bad Times","Hollywood's Bleeding","Post Malone",2019-09-06,221173,66,true,21opbfqensrqobjzl3lumijsy,2022-03-23T19:47:05Z,"","Republic Records",0.633,0.733,6,-3.496,1,0.0916,0.109,0.0000123,0.111,0.31,159.045,4
spotify:track:6b2mfHMqWCA74XmUuVJm8r,"I Know","Hollywood's Bleeding","Post Malone",2019-09-06,141413,63,true,21opbfqensrqobjzl3lumijsy,2022-03-23T19:47:06Z,"","Republic Records",0.666,0.601,1,-5.671,1,0.0773,0.501,0,0.112,0.262,102.945,4
spotify:track:7CZyCXKG6d5ALeq41sLzbw,"Take What You Want (feat. Ozzy Osbourne & Travis Scott)","Hollywood's Bleeding","Post Malone;Ozzy Osbourne;Travis Scott",2019-09-06,229573,80,false,21opbfqensrqobjzl3lumijsy,2022-03-23T19:47:06Z,"metal,glam metal,heavy metal,hard rock,rap","Republic Records",0.498,0.8,1,-2.665,0,0.0503,0.0903,0,0.147,0.272,139.918,4
spotify:track:05mDaV9Vb3wrzjF6OPZnhq,"Saint-Tropez","Hollywood's Bleeding","Post Malone",2019-09-06,150866,69,true,21opbfqensrqobjzl3lumijsy,2022-03-23T19:47:06Z,"","Republic Records",0.617,0.684,0,-3.618,1,0.0439,0.0545,0,0.104,0.295,132.113,4
spotify:track:4paAidoE8VAemwU4jgCc6l,"all my friends","i am > i was","21 Savage",2018-12-21,211785,57,true,21opbfqensrqobjzl3lumijsy,2022-03-23T19:47:40Z,"","Slaughter Gang, LLC/Epic Records",0.713,0.62,0,-4.513,1,0.0422,0.171,0.00000116,0.118,0.206,130.09,4
spotify:track:0Xek5rqai2jcOWCYWJfVCF,"Enemies (feat. DaBaby)","Hollywood's Bleeding","Post Malone;DaBaby",2019-09-06,196760,67,true,21opbfqensrqobjzl3lumijsy,2022-03-23T19:48:07Z,"","Republic Records",0.542,0.674,6,-4.169,1,0.21,0.0588,0,0.0955,0.667,76.388,4
spotify:track:21jGcNKet2qwijlDFuPiPb,"Circles","Hollywood's Bleeding","Post Malone",2019-09-06,215280,88,false,21opbfqensrqobjzl3lumijsy,2022-03-23T19:48:08Z,"","Republic Records",0.695,0.763,0,-3.497,1,0.0396,0.189,0.00242,0.0863,0.551,120.042,4
spotify:track:7xQAfvXzm3AkraOtGPWIZg,"Wow.","Hollywood's Bleeding","Post Malone",2019-09-06,149546,81,true,21opbfqensrqobjzl3lumijsy,2022-03-23T19:48:09Z,"","Republic Records",0.829,0.538,11,-7.359,0,0.212,0.137,0.00000188,0.103,0.389,99.952,4
spotify:track:00Blm7zeNqgYLPtW6zg8cj,"One Right Now (with The Weeknd)","One Right Now","Post Malone;The Weeknd",2021-11-05,193506,71,true,21opbfqensrqobjzl3lumijsy,2022-03-23T19:48:11Z,"","Republic Records",0.687,0.781,1,-4.806,1,0.053,0.0361,0,0.0755,0.688,97.014,4
spotify:track:40uMIn2zJLAQhNXghRjBed,"Motley Crew","Motley Crew","Post Malone",2021-07-09,184213,70,true,21opbfqensrqobjzl3lumijsy,2022-03-23T19:48:11Z,"","Republic Records",0.797,0.631,3,-3.818,0,0.0786,0.0904,0.00000371,0.0998,0.288,129.915,4
spotify:track:4VginDwYTP2eaHJzO0QMjG,"Circles","Circles","Post Malone",2019-08-30,214906,3,false,21opbfqensrqobjzl3lumijsy,2022-03-23T19:48:21Z,"","Republic Records",0.704,0.758,0,-3.537,1,0.0402,0.233,0.00144,0.0924,0.534,120.003,4
spotify:track:6vBdBCoOhKHiYDDOcorfNo,"Goodbyes (Feat. Young Thug)","Goodbyes (Feat. Young Thug)","Post Malone;Young Thug",2019-07-05,174960,3,true,21opbfqensrqobjzl3lumijsy,2022-03-23T19:48:23Z,"rap,melodic rap,trap","Republic Records",0.58,0.653,5,-3.818,1,0.0745,0.447,0,0.111,0.175,150.231,4
spotify:track:5yuShbu70mtHXY0yLzCQLQ,"Go Flex","Stoney (Deluxe)","Post Malone",2016-12-09,179613,77,true,21opbfqensrqobjzl3lumijsy,2022-03-23T19:49:26Z,"","Mercury Records/Republic Owned",0.665,0.498,5,-8.185,1,0.083,0.23,0,0.0757,0.127,81.958,4
spotify:track:6BC5qv70s01qQpFyKSsuLV,"The Meaning","First Time For Everything (Part 1)","FKi 1st;Post Malone",2016-05-20,225001,44,true,21opbfqensrqobjzl3lumijsy,2022-03-23T19:52:18Z,"","Mad Decent",0.678,0.455,11,-10.373,0,0.0907,0.0949,0,0.0828,0.571,144.015,4
spotify:track:3OnOomd79OjqSYHchCQ6ht,"Notice Me","Culture II","Migos;Post Malone",2018-01-26,233880,67,true,21opbfqensrqobjzl3lumijsy,2022-03-23T20:00:33Z,"trap","Quality Control Music, LLC",0.793,0.344,6,-9.757,1,0.357,0.112,0.00000159,0.15,0.45,166.105,4
spotify:track:69Naniu2KjKjaQOBUagE8U,"Homemade Dynamite (Feat. Khalid, Post Malone & SZA) - REMIX","Homemade Dynamite (Feat. Khalid, Post Malone & SZA) [REMIX]","Lorde;Khalid;Post Malone;SZA",2017-09-14,214254,0,true,21opbfqensrqobjzl3lumijsy,2022-03-23T20:00:41Z,"r&b","Universal Music Group",0.541,0.557,0,-5.094,0,0.173,0.272,0,0.156,0.173,106.122,4
spotify:track:256cnyu082UFQR0Ewor8ed,"Burning Man","Burning Man","WATT;Post Malone",2017-01-18,197506,0,true,21opbfqensrqobjzl3lumijsy,2022-03-23T20:00:57Z,"","Universal Music Group",0.57,0.885,2,-2.769,1,0.0624,0.0109,0,0.0554,0.49,158.055,4
spotify:track:3XQbLWXdJOMzTJ3gFbL76y,"Camera (feat. 1st FKI, Lil Uzi Vert, Mac Miller, and Post Malone)","Quality Street Music 2","DJ Drama;FKi 1st;Lil Uzi Vert;Mac Miller;Post Malone",2016-07-22,328346,0,true,21opbfqensrqobjzl3lumijsy,2022-03-23T20:02:54Z,"southern hip hop,melodic rap,rage rap","eOne Music",0.522,0.483,5,-7.622,0,0.303,0.109,0,0.116,0.304,100.132,4
spotify:track:1Vh1rVjig0o63CQexSQ5UY,"Too Late","Tha Truth, Pt. 3","Trae Tha Truth;Post Malone",2017-07-21,243840,28,true,21opbfqensrqobjzl3lumijsy,2022-03-23T20:07:10Z,"southern hip hop","ABN / EMPIRE",0.524,0.682,6,-4.936,0,0.128,0.492,0.00000283,0.107,0.177,86.707,4
spotify:track:7oT4AQLmgIpThzp3FkuGkg,"Getcha Some","The 48 Hunnid Project","Chevy Woods;Post Malone;PJ",2015-08-07,250583,0,true,21opbfqensrqobjzl3lumijsy,2022-03-23T20:12:24Z,"thai hip hop,funky house","Taylor Gang Ent., LLC",0.684,0.591,11,-6.844,1,0.0475,0.177,0,0.247,0.568,139.963,4
spotify:track:2l3QrImezIUMv5mytTsnP0,"Tryna F**k Me (feat. Post Malone)","The Kanan Tape","Lloyd Banks;Young Buck;50 Cent;G-Unit;Post Malone",2016-01-22,157368,43,true,21opbfqensrqobjzl3lumijsy,2022-03-23T20:14:05Z,"southern hip hop,crunk,old school hip hop,east coast hip hop,gangster rap","Dundridge Entertainment / Unlimited Business",0.817,0.608,2,-8.45,1,0.273,0.0739,0,0.0977,0.611,119.986,4
spotify:track:0Lvz0ejD5FfJ5tPsvDUpz3,"YOU","YOU","Neptune;Post Malone",2018-02-14,222159,46,false,21opbfqensrqobjzl3lumijsy,2022-03-23T20:14:11Z,"","Neptune",0.712,0.58,10,-7.007,0,0.0381,0.0771,0.00000221,0.122,0.682,134.012,4
spotify:track:6MWtB6iiXyIwun0YzU6DFP,"Wow.","Wow.","Post Malone",2018-12-24,149520,4,true,21opbfqensrqobjzl3lumijsy,2022-03-23T20:15:01Z,"","Republic Records",0.833,0.539,11,-7.399,0,0.178,0.163,0.0000021,0.101,0.385,99.947,4
spotify:track:5QZKcQDp0tCcvMdyqEciBV,"Tommy Lee (feat. Post Malone)","Tommy Lee (feat. Post Malone)","Tyla Yaweh;Post Malone",2020-06-12,224638,60,true,21opbfqensrqobjzl3lumijsy,2022-03-23T20:21:35Z,"melodic rap","Epic/London Ent.",0.457,0.621,10,-5.923,1,0.138,0.218,0,0.0944,0.634,85.359,3
spotify:track:33gwZOGJWEZ7dRWPqPxBEZ,"Wolves (feat. Post Malone)","Detroit 2","Big Sean;Post Malone",2020-09-04,199758,67,true,21opbfqensrqobjzl3lumijsy,2022-03-23T20:21:52Z,"","Getting Out Our Dreams, Inc./Def Jam Recordings",0.724,0.675,2,-5.267,1,0.0867,0.0978,0.00000941,0.351,0.325,160.048,4
spotify:track:7zjEyeBsaw9gV0jofJLfOM,"Livin It Up (with Post Malone & A$AP Rocky)","Punk","Young Thug;A$AP Rocky;Post Malone",2021-10-15,210906,61,true,21opbfqensrqobjzl3lumijsy,2022-03-23T20:22:20Z,"rap,melodic rap,trap","300 Entertainment/Atl",0.767,0.313,7,-12.059,1,0.0798,0.838,0,0.105,0.765,82.582,4
spotify:track:1sKbnwbymeFX1cx1k2qSM3,"Spicy (feat. Post Malone)","Spicy (feat. Post Malone)","Ty Dolla $ign;Post Malone",2020-10-20,144034,0,false,21opbfqensrqobjzl3lumijsy,2022-03-23T20:22:25Z,"trap soul","Atlantic Records",0.786,0.5,4,-5.883,0,0.0466,0.157,0,0.113,0.155,100.083,4
spotify:track:3i6sCTU7ENlnHpHvrHUitW,"Sometimes","Fighting Demons (Deluxe)","Juice WRLD",2022-03-18,259672,70,true,21opbfqensrqobjzl3lumijsy,2022-03-23T20:26:34Z,"melodic rap,emo rap","Grade A Productions/Interscope Records",0.674,0.58,8,-4.866,1,0.0311,0.0609,0,0.159,0.0759,121.987,4
spotify:track:7qM1BWAsZMTYh4BcYLb0uQ,"Already Dead","Already Dead","Juice WRLD",2021-11-12,231010,0,true,21opbfqensrqobjzl3lumijsy,2022-03-23T20:26:37Z,"melodic rap,emo rap","Grade A Productions/Interscope Records",0.74,0.501,1,-6.339,1,0.0592,0.019,0,0.114,0.119,83.5,4
spotify:track:5J6rTmMjF9DVIAF8G3M9n4,"Wandered To LA (with Justin Bieber)","Wandered To LA (with Justin Bieber)","Juice WRLD;Justin Bieber",2021-12-03,189727,0,true,21opbfqensrqobjzl3lumijsy,2022-03-23T20:28:03Z,"melodic rap,emo rap","Grade A Productions/Interscope Records",0.687,0.645,0,-4.761,1,0.04,0.0509,0.00000296,0.106,0.424,135.083,4
spotify:track:6o3QUC5oAE4g6WxRIFcZtb,"Wishing Well","Legends Never Die","Juice WRLD",2020-07-10,194621,2,true,21opbfqensrqobjzl3lumijsy,2022-03-23T20:28:07Z,"melodic rap,emo rap","Grade A Productions/Interscope Records",0.65,0.613,9,-6.13,0,0.128,0.00336,0,0.267,0.0804,149.972,4
spotify:track:09NtNfFG4vpHsAUbdUug0M,"Smile (with The Weeknd)","Smile (with The Weeknd)","Juice WRLD;The Weeknd",2020-08-07,196180,48,false,21opbfqensrqobjzl3lumijsy,2022-03-23T20:28:19Z,"melodic rap,emo rap","Grade A Productions/Interscope Records",0.694,0.671,6,-7.149,0,0.134,0.225,0,0.145,0.27,158.864,4
spotify:track:3uVPLtkmDu8pDkYEAVqbgS,"Real Shit (with benny blanco)","Real Shit (with benny blanco)","Juice WRLD;benny blanco",2020-12-02,183782,60,true,21opbfqensrqobjzl3lumijsy,2022-03-23T20:28:41Z,"melodic rap,emo rap","Grade A Productions/Interscope Records",0.703,0.703,1,-4.672,1,0.133,0.605,0,0.12,0.697,76.017,4
spotify:track:4Lxseh0wN7N0ljiOh8KwbU,"Come & Go (with Marshmello)","Come & Go (with Marshmello)","Juice WRLD;Marshmello",2020-07-09,205484,56,true,21opbfqensrqobjzl3lumijsy,2022-03-23T20:28:44Z,"melodic rap,emo rap,edm","Joytime Collective/Grade A Productions/Interscope Records",0.625,0.811,0,-5.183,1,0.0659,0.0173,0,0.16,0.532,144.994,4
spotify:track:5YSHygGN9D0mID1NsVd5my,"Reminds Me Of You","Reminds Me Of You","Juice WRLD;The Kid LAROI",2020-12-08,158032,68,true,21opbfqensrqobjzl3lumijsy,2022-03-23T20:29:15Z,"melodic rap,emo rap","Grade A Productions/Interscope Records",0.613,0.631,4,-6.965,1,0.12,0.0663,0,0.169,0.33,149.992,4
spotify:track:2fZTS0VboxRpF0FdfY7E5P,"Conversations","Legends Never Die","Juice WRLD",2020-07-10,181661,1,true,21opbfqensrqobjzl3lumijsy,2022-03-23T20:29:24Z,"melodic rap,emo rap","Grade A Productions/Interscope Records",0.747,0.622,11,-5.825,1,0.0838,0.176,0,0.151,0.57,159.93,4
spotify:track:66FgjA5ZQJJuypFG1bc8se,"Hate The Other Side (with Marshmello & The Kid Laroi)","Legends Never Die","Juice WRLD;Marshmello;The Kid LAROI;Polo G",2020-07-10,160212,1,true,21opbfqensrqobjzl3lumijsy,2022-03-23T20:30:07Z,"melodic rap,emo rap,edm","Grade A Productions/Interscope Records",0.701,0.65,6,-6.313,1,0.104,0.291,0,0.112,0.647,90.003,4
spotify:track:0OyQns5ayNK2OVaES0Vb8t,"Righteous","Righteous","Juice WRLD",2020-04-24,243356,1,true,21opbfqensrqobjzl3lumijsy,2022-03-23T20:30:12Z,"melodic rap,emo rap","Grade A Productions/Interscope Records",0.707,0.622,0,-6.951,1,0.031,0.0397,0,0.149,0.223,142.942,4
spotify:track:5lcIegmdblnWqT9nS9EhZj,"Up Up And Away","Legends Never Die","Juice WRLD",2020-07-10,147547,0,true,21opbfqensrqobjzl3lumijsy,2022-03-23T20:31:58Z,"melodic rap,emo rap","Grade A Productions/Interscope Records",0.661,0.665,4,-6.356,0,0.053,0.538,0,0.0981,0.486,75.059,4
spotify:track:6DuHcOuuGWXNvF3uocsrBa,"Can't Die","Legends Never Die","Juice WRLD",2020-07-10,182922,0,true,21opbfqensrqobjzl3lumijsy,2022-03-23T20:33:42Z,"melodic rap,emo rap","Grade A Productions/Interscope Records",0.652,0.671,2,-5.89,1,0.0756,0.0222,0,0.107,0.274,84.008,4
spotify:track:0JoWBcL61YWLXM5vW0YTHO,"Bad Energy","Legends Never Die","Juice WRLD",2020-07-10,186749,0,true,21opbfqensrqobjzl3lumijsy,2022-03-23T20:34:30Z,"melodic rap,emo rap","Grade A Productions/Interscope Records",0.654,0.452,7,-6.36,1,0.0439,0.17,0,0.114,0.532,138.034,4
spotify:track:1QoG0Yqz1onMsdbOibZVke,"Titanic","Legends Never Die","Juice WRLD",2020-07-10,176649,0,true,21opbfqensrqobjzl3lumijsy,2022-03-23T20:34:46Z,"melodic rap,emo rap","Grade A Productions/Interscope Records",0.568,0.545,1,-6.668,0,0.0447,0.168,0,0.112,0.234,174.144,4
spotify:track:6RsRMf9e4KUyo3MecGffNL,"I Want It","Legends Never Die","Juice WRLD",2020-07-10,173113,0,true,21opbfqensrqobjzl3lumijsy,2022-03-23T20:46:29Z,"melodic rap,emo rap","Grade A Productions/Interscope Records",0.288,0.638,4,-6.935,0,0.0779,0.133,0.0000816,0.14,0.147,66.424,3
spotify:track:1uA914Md6wsy9NDryyBypH,"Man Of The Year","Legends Never Die","Juice WRLD",2020-07-10,136408,0,true,21opbfqensrqobjzl3lumijsy,2022-03-23T20:46:32Z,"melodic rap,emo rap","Grade A Productions/Interscope Records",0.621,0.695,4,-5.124,1,0.0911,0.00584,0,0.086,0.298,173.966,4
spotify:track:285pBltuF7vW8TeWk8hdRR,"Lucid Dreams","Goodbye & Good Riddance","Juice WRLD",2018-12-10,239835,85,true,21opbfqensrqobjzl3lumijsy,2022-03-23T20:46:36Z,"melodic rap,emo rap","Juice WRLD Mixtape / ISR P&D",0.511,0.566,6,-7.23,0,0.2,0.349,0,0.34,0.218,83.903,4
spotify:track:4VXIryQMWpIdGgYR4TrjT1,"All Girls Are The Same","Goodbye & Good Riddance","Juice WRLD",2018-12-10,165819,84,true,21opbfqensrqobjzl3lumijsy,2022-03-23T20:46:38Z,"melodic rap,emo rap","Juice WRLD Mixtape / ISR P&D",0.671,0.529,0,-7.226,1,0.307,0.0769,0.000335,0.0856,0.203,161.989,4
spotify:track:3oDkdAySo1VQQG0ptV7uwa,"Lean Wit Me","Goodbye & Good Riddance","Juice WRLD",2018-12-10,175755,79,true,21opbfqensrqobjzl3lumijsy,2022-03-23T20:47:37Z,"melodic rap,emo rap","Juice WRLD Mixtape / ISR P&D",0.665,0.651,1,-5.515,1,0.156,0.0414,0,0.0896,0.237,163.935,4
spotify:track:6Gg1gjgKi2AK4e0qzsR7sd,"Bandit (with YoungBoy Never Broke Again)","Bandit (with YoungBoy Never Broke Again)","Juice WRLD;YoungBoy Never Broke Again",2019-10-04,189322,69,true,21opbfqensrqobjzl3lumijsy,2022-03-23T20:47:47Z,"melodic rap,emo rap","Grade A Productions/Interscope Records",0.474,0.631,5,-5.884,0,0.343,0.0687,0,0.132,0.425,180.051,4
spotify:track:5wujBwqG7INdStqGd4tRMX,"Armed And Dangerous","Goodbye & Good Riddance","Juice WRLD",2018-12-10,169999,77,true,21opbfqensrqobjzl3lumijsy,2022-03-23T20:48:52Z,"melodic rap,emo rap","Juice WRLD Mixtape / ISR P&D",0.736,0.67,10,-6.702,1,0.311,0.186,0,0.114,0.845,130.032,4
spotify:track:13ZyrkCDmRz5xY3seuAWYk,"Hear Me Calling","Death Race For Love","Juice WRLD",2019-03-08,189977,1,true,21opbfqensrqobjzl3lumijsy,2022-03-23T20:49:13Z,"melodic rap,emo rap","Grade A Productions/Interscope Records",0.699,0.687,7,-3.997,0,0.106,0.308,0.0000363,0.121,0.499,88.932,4
spotify:track:6MjNilJCVKJq0LfFvo5jWJ,"Fast","Death Race For Love","Juice WRLD",2019-03-08,208517,2,true,21opbfqensrqobjzl3lumijsy,2022-03-23T20:49:34Z,"melodic rap,emo rap","Grade A Productions/Interscope Records",0.623,0.608,1,-5.937,0,0.0434,0.426,0,0.105,0.263,84.98,4
spotify:track:6kls8cSlUyHW2BUOkDJIZE,"Hate Me (with Juice WRLD)","Hate Me (with Juice WRLD)","Ellie Goulding;Juice WRLD",2019-06-26,186223,72,false,21opbfqensrqobjzl3lumijsy,2022-03-23T20:49:38Z,"melodic rap,emo rap","Polydor Records",0.657,0.768,8,-4.628,1,0.0507,0.108,0,0.144,0.759,75.025,4
spotify:track:6rz0dTA0PdhXImFV5EjM0w,"Hide (feat. Seezyn)","Spider-Man: Into the Spider-Verse (Soundtrack From & Inspired by the Motion Picture)","Juice WRLD;Seezyn",2018-12-14,205800,76,false,21opbfqensrqobjzl3lumijsy,2022-03-23T20:51:55Z,"melodic rap,emo rap","Universal Records",0.715,0.638,5,-5.017,0,0.0751,0.0616,0,0.157,0.151,149.999,4
spotify:track:1a7WZZZH7LzyvorhpOJFTe,"Wasted (feat. Lil Uzi Vert)","Goodbye & Good Riddance","Juice WRLD;Lil Uzi Vert",2018-12-10,258475,77,true,21opbfqensrqobjzl3lumijsy,2022-03-23T20:56:44Z,"melodic rap,emo rap,rage rap","Juice WRLD Mixtape / ISR P&D",0.742,0.579,0,-5.024,1,0.202,0.0381,0,0.0952,0.502,144.994,4
spotify:track:1Knctxx9vGZxpZfF66BIEa,"Legends","Legends","Juice WRLD",2018-06-22,191840,69,true,21opbfqensrqobjzl3lumijsy,2022-03-23T20:57:03Z,"melodic rap,emo rap","Juice WRLD / Interscope PS",0.594,0.798,4,-5.244,1,0.0844,0.115,0,0.143,0.381,142.049,4
spotify:track:3L19besdNQzd342qL78xqm,"Demons and Angels (feat. Juice WRLD)","Hoodie SZN","A Boogie Wit da Hoodie;Juice WRLD",2018-12-21,214592,69,true,21opbfqensrqobjzl3lumijsy,2022-03-23T20:58:51Z,"melodic rap,emo rap","Highbridge the Label / Atlantic Records",0.81,0.55,2,-7.46,0,0.17,0.0114,0.00000569,0.107,0.183,76.503,4
spotify:track:5YAP8zpqj1eIX88makBjDe,"Roses (with Juice WRLD feat. Brendon Urie)","Roses (with Juice WRLD feat. Brendon Urie)","benny blanco;Juice WRLD;Brendon Urie",2018-12-05,223542,62,true,21opbfqensrqobjzl3lumijsy,2022-03-23T20:59:01Z,"melodic rap,emo rap","Friends Keep Secrets/Interscope Records",0.613,0.6,8,-7.097,1,0.154,0.166,0,0.117,0.532,147.059,4
spotify:track:6QNFQJKlZUKr0xlGZ74CZJ,"Rich And Blind","Rich And Blind","Juice WRLD",2018-06-22,228720,63,true,21opbfqensrqobjzl3lumijsy,2022-03-23T21:01:26Z,"melodic rap,emo rap","Juice WRLD / Interscope PS",0.638,0.624,10,-5.37,1,0.0798,0.0102,0,0.0944,0.445,159.937,4
spotify:track:6gzIcEUuswJQGfJNPYMjjv,"Hard Work Pays Off","Future & Juice WRLD Present... WRLD ON DRUGS","Future;Juice WRLD",2018-10-19,224506,64,true,21opbfqensrqobjzl3lumijsy,2022-03-23T21:03:52Z,"rap,trap,melodic rap,emo rap","Epic/Freebandz/Grade A/Interscope",0.736,0.482,4,-8.242,1,0.196,0.327,0,0.229,0.608,140.064,4
spotify:track:2BSbCCbaSCzkOEZa6N5901,"Flaws And Sins","Death Race For Love","Juice WRLD",2019-03-08,218348,3,true,21opbfqensrqobjzl3lumijsy,2022-03-23T21:04:08Z,"melodic rap,emo rap","Grade A Productions/Interscope Records",0.709,0.662,8,-4.55,1,0.0766,0.00966,0,0.108,0.439,150.046,4
spotify:track:1wa6QQsdSE3X2GbRljGpFk,"Candles","Goodbye & Good Riddance","Juice WRLD",2018-12-10,183703,71,true,21opbfqensrqobjzl3lumijsy,2022-03-23T21:04:57Z,"melodic rap,emo rap","Juice WRLD Mixtape / ISR P&D",0.715,0.574,7,-6.236,1,0.0817,0.373,0,0.174,0.337,157,4
spotify:track:49QVOdWgGagzLrThkIqtK6,"Scared Of Love (with instrumental by Ghost Loft)","Goodbye & Good Riddance","Juice WRLD",2018-12-10,170538,67,true,21opbfqensrqobjzl3lumijsy,2022-03-23T21:05:03Z,"melodic rap,emo rap","Juice WRLD Mixtape / ISR P&D",0.642,0.562,11,-4.869,0,0.0812,0.032,0,0.168,0.177,158.001,4
spotify:track:6Zc5f20q7sOe1IC1c1jQvZ,"Without Me (with Juice WRLD)","Without Me (with Juice WRLD)","Halsey;Juice WRLD",2019-01-09,228816,1,true,21opbfqensrqobjzl3lumijsy,2022-03-23T21:05:09Z,"melodic rap,emo rap","Capitol Records",0.744,0.514,6,-6.103,1,0.0746,0.355,0,0.184,0.449,136.013,4
spotify:track:3XRQT7EoS4U87rUuJwg5P3,"Hurt Me","Goodbye & Good Riddance","Juice WRLD",2018-12-10,122285,73,true,21opbfqensrqobjzl3lumijsy,2022-03-23T21:05:14Z,"melodic rap,emo rap","Juice WRLD Mixtape / ISR P&D",0.62,0.451,6,-7.623,1,0.17,0.128,0,0.373,0.294,156.906,4
spotify:track:0INehbMZOFPnaPBAjK97i3,"I'll Be Fine","Goodbye & Good Riddance","Juice WRLD",2018-12-10,244193,72,true,21opbfqensrqobjzl3lumijsy,2022-03-23T21:05:40Z,"melodic rap,emo rap","Juice WRLD Mixtape / ISR P&D",0.523,0.678,8,-6.071,1,0.0692,0.000616,0,0.142,0.277,159.909,4
spotify:track:4zxpssj8DyrfZcEUSUiNxG,"Ring Ring (with Rvssian feat. Clever)","Death Race For Love","Juice WRLD;Rvssian;Clever",2019-03-08,171816,1,true,21opbfqensrqobjzl3lumijsy,2022-03-23T21:06:41Z,"melodic rap,emo rap,trap latino,dancehall","Grade A Productions/Interscope Records",0.581,0.673,0,-4.421,0,0.0549,0.0768,0,0.4,0.621,160.073,4
spotify:track:06LFFPPS7MylCZXps3cO4m,"Who Shot Cupid?","Death Race For Love","Juice WRLD",2019-03-08,214245,0,true,21opbfqensrqobjzl3lumijsy,2022-03-23T21:06:52Z,"melodic rap,emo rap","Grade A Productions/Interscope Records",0.758,0.932,3,-2.809,1,0.0372,0.0558,0,0.097,0.592,125.993,4
spotify:track:19m3E0nMZobyA93AxMXC32,"I'm Still","Goodbye & Good Riddance","Juice WRLD",2018-12-10,192859,70,true,21opbfqensrqobjzl3lumijsy,2022-03-23T21:08:40Z,"melodic rap,emo rap","Juice WRLD Mixtape / ISR P&D",0.631,0.672,11,-4.583,1,0.0347,0.0811,0,0.154,0.282,119.948,4
spotify:track:24BNgrtp6Fag4M5BQPEgsV,"End Of The Road","Goodbye & Good Riddance","Juice WRLD",2018-12-10,162981,69,true,21opbfqensrqobjzl3lumijsy,2022-03-23T21:08:44Z,"melodic rap,emo rap","Juice WRLD Mixtape / ISR P&D",0.373,0.717,1,-5.833,0,0.083,0.0568,0,0.114,0.293,109.977,5
spotify:track:6phY2gnvf9WwCiXlLMQOY3,"HeMotions","Death Race For Love","Juice WRLD",2019-03-08,187211,0,true,21opbfqensrqobjzl3lumijsy,2022-03-23T21:14:51Z,"melodic rap,emo rap","Grade A Productions/Interscope Records",0.561,0.76,2,-7.194,1,0.264,0.667,0,0.106,0.317,163.938,4
spotify:track:3usM520kfIRpWNaYOwdnYI,"Rider","Death Race For Love","Juice WRLD",2019-03-08,192093,0,true,21opbfqensrqobjzl3lumijsy,2022-03-23T21:17:57Z,"melodic rap,emo rap","Grade A Productions/Interscope Records",0.583,0.815,7,-4.257,1,0.0365,0.214,0,0.413,0.451,140.031,4
spotify:track:3zM2prB16NRn1zggh1KCY0,"She’s The One","Death Race For Love","Juice WRLD",2019-03-08,188837,0,true,21opbfqensrqobjzl3lumijsy,2022-03-23T21:29:00Z,"melodic rap,emo rap","Grade A Productions/Interscope Records",0.621,0.804,6,-5.502,0,0.225,0.308,0,0.297,0.396,155.984,4
spotify:local:Post+Malone:Stoney+%26+B%26B+%26+Hollywood+is+bleeding:Money+Made+Me+Do+It:178,"Money Made Me Do It","Stoney & B&B & Hollywood is bleeding","Post Malone",,178000,0,false,21opbfqensrqobjzl3lumijsy,2022-03-24T17:30:37Z,"","undefined",,,,,,,,,,,,
spotify:local:Post+Malone:Stoney+%26+B%26B+%26+Hollywood+is+bleeding:Same+Bitches:174,"Same Bitches","Stoney & B&B & Hollywood is bleeding","Post Malone",,174000,0,false,21opbfqensrqobjzl3lumijsy,2022-03-24T17:30:49Z,"","undefined",,,,,,,,,,,,
spotify:local:Juice+WRLD+%26+Post+Malone:Crazy:Life%27s+A+Mess+II+-+ft.+Post+Malone:137,"Life's A Mess II - ft. Post Malone","Crazy","Juice WRLD & Post Malone",,137000,0,false,21opbfqensrqobjzl3lumijsy,2022-03-24T17:32:02Z,"","undefined",,,,,,,,,,,,
spotify:local:Post+Malone:August+26:Post+Malone+-+Lonely+ft.+Jaden+Smith+%26+T%C3%A9o:255,"Post Malone - Lonely ft. Jaden Smith & Téo","August 26","Post Malone",,255000,0,false,21opbfqensrqobjzl3lumijsy,2022-03-24T17:32:10Z,"","undefined",,,,,,,,,,,,
spotify:local:Post+Malone:August+26:Post+Malone+-+Git+Wit+U:140,"Post Malone - Git Wit U","August 26","Post Malone",,140000,0,false,21opbfqensrqobjzl3lumijsy,2022-03-24T17:32:25Z,"","undefined",,,,,,,,,,,,
spotify:local:Post+Malone:August+26:Post+Malone+-+God+Damn+-+Ft.+1st:175,"Post Malone - God Damn - Ft. 1st","August 26","Post Malone",,175000,0,false,21opbfqensrqobjzl3lumijsy,2022-03-24T17:32:28Z,"","undefined",,,,,,,,,,,,
spotify:local:Post+Malone:August+26:Post+Malone+-+%23mood:98,"Post Malone - #mood","August 26","Post Malone",,98000,0,false,21opbfqensrqobjzl3lumijsy,2022-03-24T17:32:30Z,"","undefined",,,,,,,,,,,,
spotify:local:Post+Malone:Post+Malone+-+Other:Post+Malone+-+Boy+Bandz:170,"Post Malone - Boy Bandz","Post Malone - Other","Post Malone",,170000,0,false,21opbfqensrqobjzl3lumijsy,2022-03-24T17:32:39Z,"","undefined",,,,,,,,,,,,
spotify:local:Post+Malone:August+26:Post+Malone+-+Never+Understand:217,"Post Malone - Never Understand","August 26","Post Malone",,217000,0,false,21opbfqensrqobjzl3lumijsy,2022-03-24T17:32:53Z,"","undefined",,,,,,,,,,,,
spotify:local:Post+Malone:Post+Malone+-+Other:Post+Malone+-+What%27s+Up+Feat.+1st:290,"Post Malone - What's Up Feat. 1st","Post Malone - Other","Post Malone",,290000,0,false,21opbfqensrqobjzl3lumijsy,2022-03-24T17:33:12Z,"","undefined",,,,,,,,,,,,
spotify:local:Post+Malone:Post+Malone+-+Unreleased:Post+Malone+-+Easier+-+Unreleased:197,"Post Malone - Easier - Unreleased","Post Malone - Unreleased","Post Malone",,197000,0,false,21opbfqensrqobjzl3lumijsy,2022-03-24T17:33:29Z,"","undefined",,,,,,,,,,,,
spotify:local:Post+Malone:Post+Malone+-+Unreleased:Post+Malone+-+Maintain+-+Unreleased:235,"Post Malone - Maintain - Unreleased","Post Malone - Unreleased","Post Malone",,235000,0,false,21opbfqensrqobjzl3lumijsy,2022-03-24T17:34:42Z,"","undefined",,,,,,,,,,,,
spotify:local:Post+Malone:Post+Malone+-+Unreleased:Post+Malone+-+Spaceships+On+Sunsets+ft.+Trae+Tha+Truth+-+Unreleased:270,"Post Malone - Spaceships On Sunsets ft. Trae Tha Truth - Unreleased","Post Malone - Unreleased","Post Malone",,270000,0,false,21opbfqensrqobjzl3lumijsy,2022-03-24T17:35:32Z,"","undefined",,,,,,,,,,,,
spotify:local:Post+Malone:Post+Malone+-+Unreleased:Post+Malone+-+Stoned+-+Unreleased:208,"Post Malone - Stoned - Unreleased","Post Malone - Unreleased","Post Malone",,208000,0,false,21opbfqensrqobjzl3lumijsy,2022-03-24T17:35:35Z,"","undefined",,,,,,,,,,,,
spotify:local:Post+Malone:Post+Malone+-+unreleased:Post+Malone+-+Stuntin%27+-+Unreleased:116,"Post Malone - Stuntin' - Unreleased","Post Malone - unreleased","Post Malone",,116000,0,false,21opbfqensrqobjzl3lumijsy,2022-03-24T17:35:43Z,"","undefined",,,,,,,,,,,,
spotify:local:Post+Malone:Post+Malone+-+Unreleased:Post+Malone+-+Holyfield+-+Unreleased:259,"Post Malone - Holyfield - Unreleased","Post Malone - Unreleased","Post Malone",,259000,0,false,21opbfqensrqobjzl3lumijsy,2022-03-24T17:36:11Z,"","undefined",,,,,,,,,,,,
spotify:local:Post+Malone:Post+Malone+-+Unreleased:Post+Malone+-+Dont+Make+Me+-+Unreleased:188,"Post Malone - Dont Make Me - Unreleased","Post Malone - Unreleased","Post Malone",,188000,0,false,21opbfqensrqobjzl3lumijsy,2022-03-24T17:36:23Z,"","undefined",,,,,,,,,,,,
spotify:local:Post+Malone:Post+Malone+-+Unreleased:Post+Malone+-+Never+Change+-+Unreleased:214,"Post Malone - Never Change - Unreleased","Post Malone - Unreleased","Post Malone",,214000,0,false,21opbfqensrqobjzl3lumijsy,2022-03-24T17:36:32Z,"","undefined",,,,,,,,,,,,
spotify:local:Post+Malone:Post+Malone+-+Unreleased:Post+Malone+-+Socialite+Ft+Swae+Lee+-+Unreleased:168,"Post Malone - Socialite Ft Swae Lee - Unreleased","Post Malone - Unreleased","Post Malone",,168000,0,false,21opbfqensrqobjzl3lumijsy,2022-03-24T17:36:36Z,"","undefined",,,,,,,,,,,,
spotify:local:Post+Malone:Post+Malone+-+Unreleased:Post+Malone+-+Take+My+Heart+-+Unreleased:207,"Post Malone - Take My Heart - Unreleased","Post Malone - Unreleased","Post Malone",,207000,0,false,21opbfqensrqobjzl3lumijsy,2022-03-24T17:36:39Z,"","undefined",,,,,,,,,,,,
spotify:local:Post+Malone:Post+Malone+-+Unreleased:Post+Malone+-+TEAR%24+-+Unreleased:242,"Post Malone - TEAR$ - Unreleased","Post Malone - Unreleased","Post Malone",,242000,0,false,21opbfqensrqobjzl3lumijsy,2022-03-24T17:37:22Z,"","undefined",,,,,,,,,,,,
spotify:local:Post+Malone:Post+Malone+-+Unreleased:Post+Malone+-+Remember+-+Unreleased:194,"Post Malone - Remember - Unreleased","Post Malone - Unreleased","Post Malone",,194000,0,false,21opbfqensrqobjzl3lumijsy,2022-03-24T17:37:57Z,"","undefined",,,,,,,,,,,,
spotify:local:Post+Malone:Post+Malone+-+Unreleased:Post+Malone+-+Take+My+Heart+-+Ft.+Juice+Wrld+-+Unreleased:209,"Post Malone - Take My Heart - Ft. Juice Wrld - Unreleased","Post Malone - Unreleased","Post Malone",,209000,0,false,21opbfqensrqobjzl3lumijsy,2022-03-24T17:37:59Z,"","undefined",,,,,,,,,,,,
spotify:local:Post+Malone:Post+Malone+-+Unreleased:Post+Malone+-+Kurt+Cobain+-+Unreleased:121,"Post Malone - Kurt Cobain - Unreleased","Post Malone - Unreleased","Post Malone",,121000,0,false,21opbfqensrqobjzl3lumijsy,2022-03-24T17:38:01Z,"","undefined",,,,,,,,,,,,
spotify:local:::Travis+Scott+%2C+Post+Malone+-+Celebrate:209,"Travis Scott , Post Malone - Celebrate","","",,209000,0,false,21opbfqensrqobjzl3lumijsy,2022-03-24T17:38:36Z,"","undefined",,,,,,,,,,,,
spotify:local:::Juice+WRLD+-+Old+Me:184,"Juice WRLD - Old Me","","",,184000,0,false,21opbfqensrqobjzl3lumijsy,2022-03-24T17:42:48Z,"","undefined",,,,,,,,,,,,
spotify:track:5dOxHHMOFAbG3VH23t0xNm,"Righteous","Legends Never Die","Juice WRLD",2020-07-10,242180,74,true,21opbfqensrqobjzl3lumijsy,2022-03-24T17:46:10Z,"melodic rap,emo rap","Grade A Productions/Interscope Records",0.706,0.625,0,-7.426,1,0.0314,0.0417,0,0.129,0.225,142.948,4
spotify:track:1fCeXjoRExPP2qwSBh2aST,"Black & White","Goodbye & Good Riddance","Juice WRLD",2018-12-10,186945,74,true,21opbfqensrqobjzl3lumijsy,2022-03-24T18:54:02Z,"melodic rap,emo rap","Juice WRLD Mixtape / ISR P&D",0.776,0.736,7,-4.612,1,0.247,0.0802,0,0.159,0.233,147.946,4
spotify:track:0Ux97Dqx5amaRrDvHbEfjm,"Banned from TV","Luv Is Rage","Lil Uzi Vert",2015-12-18,177280,49,true,21opbfqensrqobjzl3lumijsy,2022-03-29T19:07:44Z,"melodic rap,rage rap","Generation Now/Atlantic",0.69,0.565,11,-5.772,0,0.0854,0.109,0,0.274,0.457,130.025,4
spotify:track:55Q46o5adtSobImSKrrlqW,"Top","Luv Is Rage","Lil Uzi Vert",2015-12-18,236000,70,true,21opbfqensrqobjzl3lumijsy,2022-03-29T19:15:11Z,"melodic rap,rage rap","Generation Now/Atlantic",0.776,0.762,0,-4.356,1,0.216,0.193,0,0.18,0.678,120.039,4
spotify:track:2p2DLGuXtnLLClzpmKkyCx,"Enemies","Luv Is Rage","Lil Uzi Vert",2015-12-18,248174,55,true,21opbfqensrqobjzl3lumijsy,2022-03-29T19:18:22Z,"melodic rap,rage rap","Generation Now/Atlantic",0.626,0.77,2,-6.368,1,0.25,0.244,0,0.229,0.478,155.738,4
spotify:track:1P7ycI8RxUZVErR2xCPqbA,"Ballin","Luv Is Rage","Lil Uzi Vert",2015-12-18,277587,50,true,21opbfqensrqobjzl3lumijsy,2022-03-29T19:20:54Z,"melodic rap,rage rap","Generation Now/Atlantic",0.603,0.77,1,-5.84,0,0.0605,0.188,0,0.112,0.37,122.011,4
spotify:track:1MNdfH2KC5LdEde3JPJ513,"Canadian Goose","Lil Uzi Vert vs. The World","Lil Uzi Vert",2016-05-27,218200,57,true,21opbfqensrqobjzl3lumijsy,2022-03-29T19:23:50Z,"melodic rap,rage rap","Generation Now/Atlantic",0.776,0.537,1,-7.604,0,0.197,0.0855,0,0.103,0.238,153.06,4
spotify:track:69M9QCMsCQ5MLsw7BBW0rL,"Hi Roller","Lil Uzi Vert vs. The World","Lil Uzi Vert",2016-05-27,276349,59,true,21opbfqensrqobjzl3lumijsy,2022-03-29T19:26:38Z,"melodic rap,rage rap","Generation Now/Atlantic",0.8,0.562,2,-7.366,1,0.0961,0.0307,0,0.243,0.147,132.081,4
spotify:track:0B8QzDH7YWih85V5SEMnyJ,"Money Longer","Lil Uzi Vert vs. The World","Lil Uzi Vert",2016-05-27,198944,78,true,21opbfqensrqobjzl3lumijsy,2022-03-29T19:26:41Z,"melodic rap,rage rap","Generation Now/Atlantic",0.795,0.568,5,-7.817,0,0.142,0.0541,0,0.108,0.478,136.173,4
spotify:track:3aJ66zarLOVW4o2nPDxg0g,"Grab the Wheel","Lil Uzi Vert vs. The World","Lil Uzi Vert",2016-05-27,295680,58,true,21opbfqensrqobjzl3lumijsy,2022-03-29T19:29:47Z,"melodic rap,rage rap","Generation Now/Atlantic",0.748,0.48,5,-6.37,0,0.14,0.388,0,0.139,0.296,137.835,4
spotify:track:2ANLarE8yHVsLWW21nj79M,"You Was Right","Lil Uzi Vert vs. The World","Lil Uzi Vert",2016-05-27,163944,69,true,21opbfqensrqobjzl3lumijsy,2022-03-29T19:29:54Z,"melodic rap,rage rap","Generation Now/Atlantic",0.843,0.359,0,-7.417,1,0.461,0.069,0,0.12,0.156,81.987,4
spotify:track:6Q1NPLtp9IzcXmCutp3Qmo,"Baby Are You Home","Lil Uzi Vert vs. The World","Lil Uzi Vert",2016-05-27,230295,57,true,21opbfqensrqobjzl3lumijsy,2022-03-29T19:30:00Z,"melodic rap,rage rap","Generation Now/Atlantic",0.653,0.546,5,-8.818,0,0.282,0.101,0,0.134,0.462,149.975,4
spotify:track:6FfyYWFEk4zd7CgvjBa2ZK,"Team Rocket","Lil Uzi Vert vs. The World","Lil Uzi Vert",2016-05-27,206106,58,true,21opbfqensrqobjzl3lumijsy,2022-03-29T19:31:56Z,"melodic rap,rage rap","Generation Now/Atlantic",0.691,0.54,4,-8.818,0,0.0532,0.0907,0,0.175,0.23,132.02,4
spotify:track:4IWGnyOHDrVZEtPWfs4s7q,"Do What I Want","The Perfect LUV Tape","Lil Uzi Vert",2016-08-10,175203,69,true,21opbfqensrqobjzl3lumijsy,2022-03-29T19:33:29Z,"melodic rap,rage rap","Generation Now/Atlantic",0.681,0.701,9,-6.336,1,0.0767,0.106,0,0.208,0.398,139.952,4
spotify:track:53iTGmEL4uwHlqUvuKcrQe,"Original Uzi (4 of Us)","The Perfect LUV Tape","Lil Uzi Vert",2016-08-10,166765,50,true,21opbfqensrqobjzl3lumijsy,2022-03-29T19:42:23Z,"melodic rap,rage rap","Generation Now/Atlantic",0.81,0.615,10,-8.376,0,0.284,0.0534,0,0.0811,0.596,150.03,4
spotify:track:0VYhxVxH9ijmdHUKsON9Bk,"SideLine Watching (Hold Up)","The Perfect LUV Tape","Lil Uzi Vert",2016-08-10,191033,62,true,21opbfqensrqobjzl3lumijsy,2022-03-29T19:46:47Z,"melodic rap,rage rap","Generation Now/Atlantic",0.747,0.553,1,-7.294,1,0.117,0.281,0,0.117,0.262,141.888,4
spotify:track:5wyrQLBbmKdxY6yLNdienj,"I Can Drive","The Perfect LUV Tape","Lil Uzi Vert",2016-08-10,153808,55,true,21opbfqensrqobjzl3lumijsy,2022-03-29T19:49:29Z,"melodic rap,rage rap","Generation Now/Atlantic",0.759,0.489,1,-9.141,1,0.321,0.0811,0,0.149,0.346,138.98,4
spotify:track:5MUvVmyKD6bBY0XDeWZjJJ,"You're Lost","The Perfect LUV Tape","Lil Uzi Vert",2016-08-10,158693,59,true,21opbfqensrqobjzl3lumijsy,2022-03-29T19:51:59Z,"melodic rap,rage rap","Generation Now/Atlantic",0.764,0.591,1,-7.253,1,0.209,0.172,0,0.215,0.468,146.982,4
spotify:track:4uhvMW7ly7tJil31YYscAN,"Erase Your Social","The Perfect LUV Tape","Lil Uzi Vert",2016-08-10,199993,77,true,21opbfqensrqobjzl3lumijsy,2022-03-29T19:54:20Z,"melodic rap,rage rap","Generation Now/Atlantic",0.705,0.609,3,-5.728,1,0.0729,0.694,0,0.234,0.718,140.058,4
spotify:track:2Wc5No77rhsfW2mB9LzXB3,"Ronda (Winners)","The Perfect LUV Tape","Lil Uzi Vert",2016-08-10,216293,57,true,21opbfqensrqobjzl3lumijsy,2022-03-29T19:57:36Z,"melodic rap,rage rap","Generation Now/Atlantic",0.701,0.585,5,-7.613,0,0.132,0.344,0,0.114,0.422,119.634,4
spotify:track:6j0teRL3WdExzqmy334sh5,"Seven Million (feat. Future)","The Perfect LUV Tape","Lil Uzi Vert;Future",2016-08-10,182491,60,true,21opbfqensrqobjzl3lumijsy,2022-03-29T20:00:03Z,"melodic rap,rage rap,rap,trap","Generation Now/Atlantic",0.886,0.629,1,-4.404,0,0.306,0.051,0.00000766,0.121,0.487,158.002,4
spotify:track:6fWcHP8ce2glR9MEUZE7Cs,"444+222","Luv Is Rage 2 (Deluxe)","Lil Uzi Vert",2017-08-25,247347,51,true,21opbfqensrqobjzl3lumijsy,2022-03-29T20:03:14Z,"melodic rap,rage rap","Generation Now/Atlantic",0.791,0.513,10,-6.568,0,0.269,0.0235,0.0000283,0.101,0.481,76.997,4
spotify:track:5evSAk9q0l3TfF5dYDwDBO,"Sauce It Up","Luv Is Rage 2 (Deluxe)","Lil Uzi Vert",2017-08-25,207038,55,true,21opbfqensrqobjzl3lumijsy,2022-03-29T20:05:56Z,"melodic rap,rage rap","Generation Now/Atlantic",0.813,0.528,6,-6.305,0,0.313,0.0715,0,0.125,0.131,79.532,4
spotify:track:7284Lm1fMEABEFBrtMgUWR,"No Sleep Leak","Luv Is Rage 2 (Deluxe)","Lil Uzi Vert",2017-08-25,189229,50,true,21opbfqensrqobjzl3lumijsy,2022-03-29T20:07:50Z,"melodic rap,rage rap","Generation Now/Atlantic",0.788,0.689,8,-7.211,1,0.13,0.0112,0,0.22,0.681,136.045,4
spotify:track:2YQLTpUSFCQo9FEe29YPYs,"The Way Life Goes (feat. Oh Wonder)","Luv Is Rage 2 (Deluxe)","Lil Uzi Vert;Oh Wonder",2017-08-25,221746,57,true,21opbfqensrqobjzl3lumijsy,2022-03-30T18:03:15Z,"melodic rap,rage rap","Generation Now/Atlantic",0.703,0.757,1,-3.612,1,0.05,0.617,0,0.106,0.696,82.008,4
spotify:track:3ozS5DsfzFfrlgZpxEMjb0,"Feelings Mutual","Luv Is Rage 2 (Deluxe)","Lil Uzi Vert",2017-08-25,233645,50,true,21opbfqensrqobjzl3lumijsy,2022-03-30T18:11:15Z,"melodic rap,rage rap","Generation Now/Atlantic",0.585,0.691,0,-6.015,1,0.259,0.105,0,0.088,0.349,125.978,4
spotify:track:2BUXjDhEuVLvEzFI6tabOF,"Neon Guts (feat. Pharrell Williams)","Luv Is Rage 2 (Deluxe)","Lil Uzi Vert;Pharrell Williams",2017-08-25,258789,56,true,21opbfqensrqobjzl3lumijsy,2022-03-30T20:16:06Z,"melodic rap,rage rap","Generation Now/Atlantic",0.859,0.563,1,-6.635,0,0.112,0.0541,0,0.0685,0.412,119.934,4
spotify:track:6e4uygu304YYNYAeISlPgO,"Pretty Mami","Luv Is Rage 2 (Deluxe)","Lil Uzi Vert",2017-08-25,264124,50,true,21opbfqensrqobjzl3lumijsy,2022-03-30T20:23:34Z,"melodic rap,rage rap","Generation Now/Atlantic",0.697,0.531,10,-5.527,0,0.0402,0.409,0,0.142,0.621,139.972,4
spotify:track:3EWaR09H3TkRgaLTIheYFr,"XO Tour Llif3","Luv Is Rage 2 (Deluxe)","Lil Uzi Vert",2017-08-25,182706,59,true,21opbfqensrqobjzl3lumijsy,2022-03-30T20:23:47Z,"melodic rap,rage rap","Generation Now/Atlantic",0.732,0.75,11,-6.366,0,0.231,0.00264,0,0.109,0.401,155.096,4
spotify:track:0cGPqSBtm0UJLo1HCziww9,"Dark Queen","Luv Is Rage 2 (Deluxe)","Lil Uzi Vert",2017-08-25,173419,52,true,21opbfqensrqobjzl3lumijsy,2022-03-30T20:23:49Z,"melodic rap,rage rap","Generation Now/Atlantic",0.747,0.606,4,-5.286,1,0.172,0.222,0,0.281,0.2,155.055,4
spotify:track:6jeSBflg8OBRZJchEbKSlV,"How to Talk","Luv Is Rage 2 (Deluxe)","Lil Uzi Vert",2017-08-25,201544,49,true,21opbfqensrqobjzl3lumijsy,2022-03-30T20:28:49Z,"melodic rap,rage rap","Generation Now/Atlantic",0.728,0.73,5,-5.402,1,0.213,0.741,0,0.705,0.736,136.052,4
spotify:track:0Fpen1PTuEnCmOJtUU9Iud,"New Patek","New Patek","Lil Uzi Vert",2018-09-18,343099,70,true,21opbfqensrqobjzl3lumijsy,2022-03-30T20:29:03Z,"melodic rap,rage rap","Generation Now/Atlantic",0.85,0.785,8,-4.963,0,0.345,0.0367,0,0.155,0.718,145.063,4
spotify:track:6nxvVPzS7gnyDthFNvTSxn,"X","Luv Is Rage 2 (Deluxe)","Lil Uzi Vert",2017-08-25,173797,48,true,21opbfqensrqobjzl3lumijsy,2022-03-30T20:30:22Z,"melodic rap,rage rap","Generation Now/Atlantic",0.623,0.58,8,-7.076,1,0.332,0.0043,0,0.394,0.301,163.159,4
spotify:track:6GLujG5wXuXyPjknUFOQVK,"Malfunction","Luv Is Rage 2 (Deluxe)","Lil Uzi Vert",2017-08-25,199211,46,true,21opbfqensrqobjzl3lumijsy,2022-03-30T20:34:28Z,"melodic rap,rage rap","Generation Now/Atlantic",0.427,0.698,1,-6.06,1,0.247,0.34,0,0.0817,0.447,93.611,5
spotify:track:0uxSUdBrJy9Un0EYoBowng,"20 Min","Luv Is Rage 2 (Deluxe)","Lil Uzi Vert",2017-08-25,220586,87,true,21opbfqensrqobjzl3lumijsy,2022-03-30T20:39:45Z,"melodic rap,rage rap","Generation Now/Atlantic",0.773,0.75,8,-4.009,0,0.117,0.109,0,0.174,0.783,123.426,4
spotify:track:19Ec2gbNtQTE44IizcPjtD,"Wassup (feat. Future)","Eternal Atake (Deluxe) - LUV vs. The World 2","Lil Uzi Vert;Future",2020-03-13,193313,55,true,21opbfqensrqobjzl3lumijsy,2022-03-30T20:57:16Z,"melodic rap,rage rap,rap,trap","Generation Now/Atlantic",0.762,0.622,5,-6.293,0,0.223,0.352,0,0.145,0.626,130.019,4
spotify:track:2BjNjFJAQTxqUPGpOnrese,"Come This Way","Eternal Atake (Deluxe) - LUV vs. The World 2","Lil Uzi Vert",2020-03-13,172757,57,true,21opbfqensrqobjzl3lumijsy,2022-03-31T13:47:49Z,"melodic rap,rage rap","Generation Now/Atlantic",0.682,0.741,1,-4.489,1,0.249,0.127,0,0.239,0.619,164.043,4
spotify:track:0AhJag7VI8uFf3mJFsTwvf,"I Can Show You","Eternal Atake (Deluxe) - LUV vs. The World 2","Lil Uzi Vert",2020-03-13,120076,56,true,21opbfqensrqobjzl3lumijsy,2022-03-31T13:47:53Z,"melodic rap,rage rap","Generation Now/Atlantic",0.817,0.656,10,-7.086,0,0.277,0.051,0,0.115,0.314,139.915,4
spotify:track:7vTspUAmMKFkUpKL9HLZNL,"Trap This Way (This Way)","Eternal Atake (Deluxe) - LUV vs. The World 2","Lil Uzi Vert",2020-03-13,185438,57,true,21opbfqensrqobjzl3lumijsy,2022-03-31T13:53:33Z,"melodic rap,rage rap","Generation Now/Atlantic",0.71,0.586,2,-5.331,1,0.381,0.248,0,0.193,0.207,175.987,4
spotify:track:4D7NrSeqkTarBrJ80b2sBc,"Leaders (feat. NAV)","Eternal Atake (Deluxe) - LUV vs. The World 2","Lil Uzi Vert;NAV",2020-03-13,194843,56,true,21opbfqensrqobjzl3lumijsy,2022-03-31T14:00:29Z,"melodic rap,rage rap","Generation Now/Atlantic",0.95,0.654,0,-5.895,0,0.307,0.0744,0,0.138,0.886,132.936,4
spotify:track:0MBbqhCETOfzONwgSAtKpI,"Baby Pluto","Eternal Atake (Deluxe) - LUV vs. The World 2","Lil Uzi Vert",2020-03-13,210261,52,true,21opbfqensrqobjzl3lumijsy,2022-03-31T14:04:15Z,"melodic rap,rage rap","Generation Now/Atlantic",0.772,0.634,10,-6.101,0,0.212,0.135,0,0.432,0.671,160.052,4
spotify:track:6tYSLPxYbqotnpeNRJbEdK,"I'm Sorry","Eternal Atake (Deluxe) - LUV vs. The World 2","Lil Uzi Vert",2020-03-13,211882,45,true,21opbfqensrqobjzl3lumijsy,2022-03-31T14:19:01Z,"melodic rap,rage rap","Generation Now/Atlantic",0.858,0.547,1,-5.822,1,0.29,0.213,0,0.104,0.303,128.02,4
spotify:track:4WQk1ivjM6rphaG8ZDc962,"Bigger Than Life","Eternal Atake (Deluxe) - LUV vs. The World 2","Lil Uzi Vert;WanMor",2020-03-13,192705,48,true,21opbfqensrqobjzl3lumijsy,2022-03-31T14:19:59Z,"melodic rap,rage rap","Generation Now/Atlantic",0.776,0.752,8,-4.711,0,0.193,0.325,0,0.33,0.716,140.013,4
spotify:track:1Xd0PWZV3LCEGzc7fkjTeu,"P2","Eternal Atake (Deluxe) - LUV vs. The World 2","Lil Uzi Vert",2020-03-13,234626,49,true,21opbfqensrqobjzl3lumijsy,2022-03-31T14:41:15Z,"melodic rap,rage rap","Generation Now/Atlantic",0.775,0.72,11,-5.353,0,0.193,0.0236,0,0.114,0.49,155.086,4
spotify:track:3jT2LKH0RSbQ8jIUNFzXm5,"PTSD","PTSD","G Herbo;Juice WRLD;Lil Uzi Vert;Chance the Rapper",2020-02-28,232064,1,true,21opbfqensrqobjzl3lumijsy,2022-03-31T14:49:15Z,"chicago drill,drill,melodic rap,emo rap,rage rap","Machine Entertainment Group",0.883,0.808,1,-3.158,0,0.183,0.0317,0,0.207,0.805,119.012,4
spotify:track:2bSk87AVkCIIC3Bcligq1z,"Life Goes On","Harder Than Ever","Lil Baby;Gunna;Lil Uzi Vert",2018-05-18,247054,76,true,21opbfqensrqobjzl3lumijsy,2022-03-31T14:52:13Z,"melodic rap,rage rap","Quality Control Music, LLC",0.716,0.541,1,-7.909,1,0.149,0.0021,0,0.115,0.387,139.978,4
spotify:track:53MHr9cjIlwet0mpmqNvjC,"Go Off (with Lil Uzi Vert, Quavo & Travis Scott)","Go Off","Lil Uzi Vert;Quavo;Travis Scott",2017-03-02,217561,51,false,21opbfqensrqobjzl3lumijsy,2022-03-31T14:55:55Z,"melodic rap,rage rap,rap","Artist Partner",0.733,0.777,8,-2.83,0,0.0791,0.0256,0,0.239,0.724,88.494,4
spotify:track:4pCEIQ6wBVuaJdER5bALtO,"That's a Rack","That's a Rack","Lil Uzi Vert",2019-04-09,236571,59,true,21opbfqensrqobjzl3lumijsy,2022-03-31T15:00:21Z,"melodic rap,rage rap","Generation Now/Atlantic",0.852,0.432,1,-8.04,0,0.501,0.0599,0,0.146,0.258,140.042,4
spotify:track:4Km5HrUvYTaSUfiSGPJeQR,"Bad and Boujee (feat. Lil Uzi Vert)","Culture","Migos;Lil Uzi Vert",2017-04-07,343150,3,true,21opbfqensrqobjzl3lumijsy,2022-03-31T15:16:18Z,"trap,melodic rap,rage rap","Quality Control Music",0.926,0.666,11,-5.314,1,0.244,0.0611,0,0.123,0.168,127.079,4
spotify:track:2NphztefpybiUgnaF0YVNB,"Been Ballin (feat. Lil Uzi Vert)","Steve Aoki Presents Kolony","Steve Aoki;Lil Uzi Vert",2017-07-21,180575,33,true,21opbfqensrqobjzl3lumijsy,2022-03-31T15:20:37Z,"electro house,edm,melodic rap,rage rap","Ultra Records, LLC",0.67,0.915,9,-3.192,0,0.0385,0.0609,0,0.309,0.56,128.014,4
spotify:track:2V2URIj73ZFksArTldfkRW,"Sauce It Up","Sauce It Up","Lil Uzi Vert",2018-02-16,207038,43,true,21opbfqensrqobjzl3lumijsy,2022-03-31T15:21:45Z,"melodic rap,rage rap","Generation Now/Atlantic",0.813,0.528,6,-6.305,0,0.313,0.0715,0,0.125,0.131,79.532,4
spotify:track:7liO3TEHfUqLnIlN54CW1D,"Million Dollar Play","Pluto x Baby Pluto","Future;Lil Uzi Vert",2020-11-13,166636,52,true,21opbfqensrqobjzl3lumijsy,2022-03-31T15:36:38Z,"rap,trap,melodic rap,rage rap","Generation Now/Atlantic",0.839,0.502,0,-5.886,0,0.398,0.11,0,0.115,0.585,150.07,4
spotify:track:5syD6f38Jhckk5g9DgoCta,"Bought A Bad Bitch","Pluto x Baby Pluto","Future;Lil Uzi Vert",2020-11-13,210175,45,true,21opbfqensrqobjzl3lumijsy,2022-03-31T15:46:05Z,"rap,trap,melodic rap,rage rap","Generation Now/Atlantic",0.866,0.72,7,-6.641,0,0.0646,0.112,0,0.172,0.785,136.077,4
spotify:local:Juice+WRLD:Death+Race+For+Love:The+Bees+Knees:164,"The Bees Knees","Death Race For Love","Juice WRLD",,164000,0,false,21opbfqensrqobjzl3lumijsy,2022-05-15T00:34:11Z,"","undefined",,,,,,,,,,,,
spotify:local:Lil+Uzi+Vert:Eternal+Atake:Bust+Me:164,"Bust Me","Eternal Atake","Lil Uzi Vert",,164000,0,false,21opbfqensrqobjzl3lumijsy,2022-05-15T00:50:23Z,"","undefined",,,,,,,,,,,,
spotify:local:Lil+Uzi+Vert:Eternal+Atake:Celebration+Station:177,"Celebration Station","Eternal Atake","Lil Uzi Vert",,177000,0,false,21opbfqensrqobjzl3lumijsy,2022-05-15T01:42:26Z,"","undefined",,,,,,,,,,,,
spotify:local:Lil+Uzi+Vert:Eternal+Atake:Lo+Mein:186,"Lo Mein","Eternal Atake","Lil Uzi Vert",,186000,0,false,21opbfqensrqobjzl3lumijsy,2022-05-15T01:57:17Z,"","undefined",,,,,,,,,,,,
spotify:local:Post+Malone:Removed+Features:Writing+On+The+Wall:133,"Writing On The Wall","Removed Features","Post Malone",,133000,0,false,21opbfqensrqobjzl3lumijsy,2022-05-15T02:11:30Z,"","undefined",,,,,,,,,,,,
spotify:local:Lil+Uzi+Vert:Luv+Is+Rage:7AM:183,"7AM","Luv Is Rage","Lil Uzi Vert",,183000,0,false,21opbfqensrqobjzl3lumijsy,2022-05-15T15:12:11Z,"","undefined",,,,,,,,,,,,
spotify:track:5nueQQgcWsS6JgespEwhAQ,"Chip 'n Dale Rescue Rangers Theme","Chip 'n Dale: Rescue Rangers (Original Soundtrack)","Post Malone",2022-05-20,144720,0,false,21opbfqensrqobjzl3lumijsy,2022-05-20T23:16:15Z,"","Walt Disney Records",0.613,0.702,9,-6.16,1,0.0871,0.00718,0,0.187,0.649,129.844,4
spotify:track:67dU06KGaJHLLlo5Y5bkD2,"Reputation","Twelve Carat Toothache","Post Malone",2022-06-03,248177,57,true,21opbfqensrqobjzl3lumijsy,2022-06-02T23:21:18Z,"","Mercury Records/Republic Records",0.314,0.439,2,-5.726,1,0.0311,0.671,0,0.181,0.364,180.119,4
spotify:local:Post+Malone:Twelve+Carat+Toothache:Cooped+Up:145,"Cooped Up","Twelve Carat Toothache","Post Malone",,145000,0,false,21opbfqensrqobjzl3lumijsy,2022-05-15T00:08:57Z,"","undefined",,,,,,,,,,,,
spotify:track:1NvpO1o8SpkdH3txtJQQc7,"Lemon Tree","Twelve Carat Toothache","Post Malone",2022-06-03,243486,61,true,21opbfqensrqobjzl3lumijsy,2022-06-02T23:21:37Z,"","Mercury Records/Republic Records",0.611,0.584,11,-6.897,0,0.0301,0.083,0,0.432,0.181,116.106,4
spotify:track:6Kfoo60npYPdvNxMPMiDpX,"Wrapped Around Your Finger","Twelve Carat Toothache","Post Malone",2022-06-03,193565,69,false,21opbfqensrqobjzl3lumijsy,2022-06-02T23:21:41Z,"","Mercury Records/Republic Records",0.744,0.628,2,-5.435,1,0.0287,0.0493,0,0.317,0.539,119.966,4
spotify:track:0O6u0VJ46W86TxN9wgyqDj,"I Like You (A Happier Song) (with Doja Cat)","Twelve Carat Toothache","Post Malone;Doja Cat",2022-06-03,192840,79,true,21opbfqensrqobjzl3lumijsy,2022-06-02T23:21:46Z,"","Mercury Records/Republic Records",0.733,0.67,5,-6.009,1,0.0751,0.121,0,0.121,0.472,100.964,4
spotify:track:4IxeKzzxUSEgivgtbSbyIK,"I Cannot Be (A Sadder Song) (with Gunna)","Twelve Carat Toothache","Post Malone;Gunna",2022-06-03,169824,58,true,21opbfqensrqobjzl3lumijsy,2022-06-02T23:21:51Z,"melodic rap","Mercury Records/Republic Records",0.517,0.668,1,-6.012,1,0.116,0.0712,0,0.407,0.646,79.782,4
spotify:track:2meHtZ7N97pJfvTL4hYtfv,"Insane","Twelve Carat Toothache","Post Malone",2022-06-03,169660,55,true,21opbfqensrqobjzl3lumijsy,2022-06-02T23:21:56Z,"","Mercury Records/Republic Records",0.645,0.671,10,-7.208,0,0.0459,0.0597,0.000008,0.11,0.365,82.546,4
spotify:track:6R9c642Hs3tOdLowjYaWt2,"Love/Hate Letter To Alcohol (with Fleet Foxes)","Twelve Carat Toothache","Post Malone;Fleet Foxes",2022-06-03,183816,55,true,21opbfqensrqobjzl3lumijsy,2022-06-02T23:22:11Z,"indie folk,folk,indie","Mercury Records/Republic Records",0.475,0.569,4,-7.073,0,0.0343,0.037,0.00129,0.232,0.0395,108.007,4
spotify:track:2OcSE0EXzgUuqkM1NIJPHJ,"Wasting Angels (with The Kid LAROI)","Twelve Carat Toothache","Post Malone;The Kid LAROI",2022-06-03,243158,60,false,21opbfqensrqobjzl3lumijsy,2022-06-02T23:22:18Z,"","Mercury Records/Republic Records",0.583,0.43,9,-7.748,1,0.0353,0.801,0,0.0867,0.367,84.967,4
spotify:track:7JyFwJC3uRpiNfq7oKafgn,"Euthanasia","Twelve Carat Toothache","Post Malone",2022-06-03,145795,49,true,21opbfqensrqobjzl3lumijsy,2022-06-02T23:22:27Z,"","Mercury Records/Republic Records",0.301,0.303,4,-12.39,1,0.0458,0.177,0.031,0.0979,0.0384,141.997,4
spotify:track:5Ja2u1FPlVxrxeMWEa2dcn,"When I’m Alone","Twelve Carat Toothache","Post Malone",2022-06-03,195110,56,false,21opbfqensrqobjzl3lumijsy,2022-06-02T23:22:33Z,"","Mercury Records/Republic Records",0.485,0.656,10,-6.121,0,0.0528,0.0346,0,0.155,0.106,140.107,4
spotify:track:2GUSz3vtf8jhVXri1CTrQX,"Waiting For A Miracle","Twelve Carat Toothache","Post Malone",2022-06-03,141851,45,true,21opbfqensrqobjzl3lumijsy,2022-06-02T23:22:46Z,"","Mercury Records/Republic Records",0.491,0.278,6,-11.29,1,0.0424,0.8,0.00000199,0.111,0.0718,127.136,4
spotify:track:76OtEYLvPmTGr0XaNF91yq,"Waiting For Never","Twelve Carat Toothache (Deluxe)","Post Malone",2022-06-07,196613,34,false,21opbfqensrqobjzl3lumijsy,2022-06-07T08:25:20Z,"","Mercury Records/Republic Records",0.592,0.84,10,-3.269,1,0.0407,0.116,0,0.204,0.454,151.982,4
spotify:track:7KWJ5dDrRkOTwccFPdSanr,"Hateful","Twelve Carat Toothache (Deluxe)","Post Malone",2022-06-07,178293,30,false,21opbfqensrqobjzl3lumijsy,2022-06-07T08:25:24Z,"","Mercury Records/Republic Records",0.541,0.701,4,-5.669,1,0.0624,0.0333,0.00000102,0.0838,0.237,146.972,4
spotify:track:5JAYDuLRkODlVt6dgoalKk,"Tell Me U Luv Me (with Trippie Redd)","Legends Never Die","Juice WRLD;Trippie Redd",2020-07-10,180129,65,true,21opbfqensrqobjzl3lumijsy,2022-07-22T18:00:24Z,"melodic rap,emo rap","Grade A Productions/Interscope Records",0.66,0.76,2,-5.726,1,0.0787,0.291,0,0.632,0.394,127.984,4
spotify:track:60PTOzcoFycWBICdumIsFQ,"FOR FUN","RED & WHITE","Lil Uzi Vert",2022-07-23,188059,70,true,21opbfqensrqobjzl3lumijsy,2022-07-24T20:37:03Z,"melodic rap,rage rap","Generation Now/Atlantic",0.775,0.461,7,-6.594,0,0.124,0.157,0,0.0687,0.131,134.028,4
spotify:track:5Utk5LNZFvpTbzMdlMfhle,"GLOCK IN MY PURSE","RED & WHITE","Lil Uzi Vert",2022-07-23,224517,49,true,21opbfqensrqobjzl3lumijsy,2022-07-24T20:37:08Z,"melodic rap,rage rap","Generation Now/Atlantic",0.677,0.56,1,-6.386,1,0.319,0.306,0,0.0974,0.194,139.905,4
spotify:track:2th6kLQPb9HzsgTI5VxHNp,"F.F.","RED & WHITE","Lil Uzi Vert",2022-07-23,190142,52,true,21opbfqensrqobjzl3lumijsy,2022-07-24T20:37:13Z,"melodic rap,rage rap","Generation Now/Atlantic",0.643,0.668,4,-5.915,0,0.04,0.0482,0,0.0995,0.0879,125.026,4
spotify:track:2w9DpxPoDBUws800XKvSx3,"SPACE CADET","RED & WHITE","Lil Uzi Vert",2022-07-25,166690,0,true,21opbfqensrqobjzl3lumijsy,2022-07-26T21:41:11Z,"melodic rap,rage rap","Generation Now/Atlantic",0.696,0.79,2,-5.963,1,0.0457,0.00255,0,0.087,0.213,130.962,4
spotify:track:6QBeuZlfVj4Xd5QhpFOoIw,"FLEX UP","RED & WHITE","Lil Uzi Vert",2022-07-25,167555,0,true,21opbfqensrqobjzl3lumijsy,2022-07-26T21:41:17Z,"melodic rap,rage rap","Generation Now/Atlantic",0.735,0.609,1,-3.946,1,0.167,0.0093,0,0.123,0.182,156.996,4
spotify:track:20XzQ1EHH3FaNioIYNalOb,"I KNOW","RED & WHITE","Lil Uzi Vert",2022-07-25,192137,0,true,21opbfqensrqobjzl3lumijsy,2022-07-26T21:41:27Z,"melodic rap,rage rap","Generation Now/Atlantic",0.821,0.726,1,-5.767,1,0.156,0.0337,0,0.0564,0.757,134.977,4
spotify:track:5NuwAiMnqnvB5R3enHKWFA,"HITTIN MY SHOULDER","RED & WHITE","Lil Uzi Vert",2022-07-25,146645,0,true,21opbfqensrqobjzl3lumijsy,2022-07-26T21:41:32Z,"melodic rap,rage rap","Generation Now/Atlantic",0.808,0.715,1,-3.64,1,0.06,0.00481,0,0.119,0.203,146.016,4
spotify:local:::Juice+Wrld+DID+without+dj+khaled:196,"Juice Wrld DID without dj khaled","","",,196000,0,false,21opbfqensrqobjzl3lumijsy,2022-09-06T15:08:33Z,"","undefined",,,,,,,,,,,,
spotify:local:::Keep+The+Bullshit+-+Tyla+x+Post+-+%2804-08-21%29:220,"Keep The Bullshit - Tyla x Post - (04-08-21)","","",,220000,0,false,21opbfqensrqobjzl3lumijsy,2022-10-17T16:42:23Z,"","undefined",,,,,,,,,,,,
spotify:track:4UpAQpJFTbd6aAmtpyiR73,"Moncler Year","Moncler Year","Zurando",1974-05-06,167131,0,true,21opbfqensrqobjzl3lumijsy,2022-12-10T14:53:13Z,"","4510386 Records DK",0.702,0.603,8,-5.989,1,0.0961,0.0447,0,0.116,0.206,137.97,4
spotify:track:2yDcSQquR9MHnHsuzdzKpO,"Mood (feat. Lil Uzi Vert)","The Black Tape","DJ Rell;Ms. Danniboo;Lil Uzi Vert",2018-05-08,171312,52,true,21opbfqensrqobjzl3lumijsy,2022-12-10T22:40:00Z,"melodic rap,rage rap","Trap Religion",0.775,0.611,6,-6.782,1,0.0521,0.0672,0,0.436,0.581,137.042,4
spotify:track:6nO3tr47nr2P7f3hXb8JIo,"Champion (feat. Travis Scott)","RECKLESS","NAV;Travis Scott",2018-05-18,195053,65,true,21opbfqensrqobjzl3lumijsy,2022-12-11T02:37:37Z,"melodic rap,rap","Republic Records",0.643,0.782,5,-3.395,0,0.0476,0.384,0,0.108,0.393,162.006,4
spotify:track:0AluA5RNsa4Cx6XRhf2hWZ,"10 Freaky Girls (with 21 Savage)","NOT ALL HEROES WEAR CAPES (Deluxe)","Metro Boomin;21 Savage",2018-11-06,208293,73,true,21opbfqensrqobjzl3lumijsy,2022-12-11T14:32:40Z,"","Republic Records",0.797,0.353,6,-9.931,0,0.369,0.59,0,0.102,0.0731,87.997,4
spotify:track:4JM00ZVJNlHeNN9LuC5QxP,"High With Friends","High With Friends","Cristine Krizan",1974-10-16,144613,0,true,21opbfqensrqobjzl3lumijsy,2022-12-20T15:07:26Z,"","Cristine STS",0.783,0.518,5,-8.853,1,0.0777,0.0653,0,0.091,0.181,100.031,4
spotify:track:5274I4mUMnYczyeXkGDWZN,"Fine China","Future & Juice WRLD Present... WRLD ON DRUGS","Future;Juice WRLD",2018-10-19,141586,71,true,21opbfqensrqobjzl3lumijsy,2022-12-21T11:55:43Z,"rap,trap,melodic rap,emo rap","Epic/Freebandz/Grade A/Interscope",0.656,0.542,7,-7.358,1,0.323,0.0484,0,0.126,0.551,166.111,4
spotify:track:7DOlaVn3sXqFMP7MIWwAqf,"Infatuated","7 Vibez","Jesus Honcho",2018-07-17,147615,46,true,21opbfqensrqobjzl3lumijsy,2022-12-30T23:01:41Z,"","Cinematic Music Group",0.748,0.779,1,-4.28,1,0.0498,0.0312,0,0.0721,0.326,130.027,4
spotify:track:4VINop92QeYcJDuSvIUlXs,"On Time","On Time","Justinz",2003-10-22,195512,0,true,21opbfqensrqobjzl3lumijsy,2023-01-05T21:41:20Z,"","Justinz",0.684,0.429,2,-13.373,1,0.0331,0.0762,0,0.119,0.222,142,4
spotify:track:7iHHxY2NLlJRAmlAmC4ahQ,"Stuck In A Dream (feat. Gunna)","Certified Hitmaker","Lil Mosey;Gunna",2019-11-08,123560,68,true,21opbfqensrqobjzl3lumijsy,2023-01-13T13:01:11Z,"melodic rap","Mogul Vision/Interscope Records",0.748,0.648,10,-6.445,0,0.0816,0.484,0,0.126,0.726,139.952,4
spotify:track:6eSU1exzDvBEXmBRxspeh5,"Shots","We Love You Tecca","Lil Tecca",2019-08-30,109373,62,true,21opbfqensrqobjzl3lumijsy,2023-01-15T12:06:17Z,"melodic rap,rap","Republic Records",0.829,0.582,7,-5.721,0,0.0415,0.525,0,0.0759,0.51,108.028,4
spotify:track:6XO8RlYuJCiI0v3IA48FeJ,"Bye Bye","Bye Bye","Marshmello;Juice WRLD",2022-10-14,108498,68,true,21opbfqensrqobjzl3lumijsy,2023-01-15T16:50:48Z,"edm,melodic rap,emo rap","Joytime Collective/Grade A Productions/Interscope Records",0.65,0.542,6,-5.389,1,0.0327,0.0575,0,0.367,0.218,83.074,4
spotify:track:4KgNtIiPXn8O98PV5kow5S,"Drugs Are My Friends","Drugs Are My Friends","TheOwner",1974-10-16,154723,0,true,21opbfqensrqobjzl3lumijsy,2023-01-20T15:27:49Z,"","Owned STS",0.733,0.485,10,-8.367,1,0.163,0.346,0,0.118,0.268,139.888,4
spotify:track:0MZ2kETP6klE6mn7UlVoEP,"Social Anxiety","Social Anxiety","Skye",2020-09-29,127448,41,false,21opbfqensrqobjzl3lumijsy,2023-01-20T16:29:20Z,"emo rap","Dream LLC",0.624,0.652,9,-7.595,1,0.0361,0.0384,0,0.0675,0.654,145.033,4
spotify:track:4VMiNOpnjRwSCwmHaUfOMM,"Realer N Realer","Future & Juice WRLD Present... WRLD ON DRUGS","Future;Juice WRLD",2018-10-19,170920,64,true,21opbfqensrqobjzl3lumijsy,2023-01-21T05:31:50Z,"rap,trap,melodic rap,emo rap","Epic/Freebandz/Grade A/Interscope",0.73,0.465,1,-6.29,1,0.278,0.0117,0,0.28,0.367,148.028,4
spotify:track:669gYFBhezfYPXQP1hBMOX,"Heart In Pieces","Pluto x Baby Pluto (Deluxe)","Future;Lil Uzi Vert",2020-11-13,196834,60,true,21opbfqensrqobjzl3lumijsy,2023-01-22T04:27:16Z,"rap,trap,melodic rap,rage rap","Generation Now/Atlantic",0.872,0.699,1,-6.127,1,0.0487,0.276,0,0.103,0.725,138.929,4
spotify:track:2valEc5TEUFrLoM5YxfBy2,"Dirty Soda","Dirty Soda","Starzzz",2023-01-03,221268,0,true,21opbfqensrqobjzl3lumijsy,2023-01-24T13:01:06Z,"","Starzz",0.863,0.378,7,-13.341,1,0.204,0.105,0,0.293,0.345,134.923,4
spotify:track:7zLYKWcXnYeHHWidalz7rj,"Noticed","Northsbest (Extended)","Lil Mosey",2018-10-19,165000,75,true,21opbfqensrqobjzl3lumijsy,2023-01-24T15:36:44Z,"melodic rap","Mogul Vision/Interscope Records",0.699,0.558,11,-7.622,1,0.0603,0.462,0,0.116,0.493,79.992,4
spotify:track:5de9Ho64dovuQI8Uhn5gPD,"I Don't Wanna Do This Anymore","Revenge","XXXTENTACION",2017-05-16,87560,73,true,21opbfqensrqobjzl3lumijsy,2023-01-25T00:38:51Z,"emo rap","Bad Vibes Forever / EMPIRE",0.433,0.778,4,-7.681,1,0.041,0.843,0,0.139,0.764,114.208,4
spotify:track:4Y4Xmm8OLUJSdR9OkaxV97,"Baby Sasuke","Pluto x Baby Pluto (Deluxe)","Future;Lil Uzi Vert",2020-11-13,210410,53,true,21opbfqensrqobjzl3lumijsy,2023-01-25T12:13:49Z,"rap,trap,melodic rap,rage rap","Generation Now/Atlantic",0.66,0.633,3,-5.782,0,0.149,0.689,0,0.129,0.715,145.995,4
spotify:track:5ExHDzOoOhC4xZGPh9zyQZ,"Shorty","Future & Juice WRLD Present... WRLD ON DRUGS","Future;Juice WRLD",2018-10-19,121000,57,true,21opbfqensrqobjzl3lumijsy,2023-01-25T20:27:39Z,"rap,trap,melodic rap,emo rap","Epic/Freebandz/Grade A/Interscope",0.795,0.386,10,-10.638,1,0.18,0.245,0,0.0973,0.619,131.971,4
spotify:track:2BJSMvOGABRxokHKB0OI8i,"Shoota (feat. Lil Uzi Vert)","Die Lit","Playboi Carti;Lil Uzi Vert",2018-05-11,153800,79,true,21opbfqensrqobjzl3lumijsy,2023-01-25T20:56:42Z,"rage rap,melodic rap","AWGE Label",0.673,0.649,1,-8.433,0,0.196,0.188,0,0.122,0.47,153.075,4
spotify:track:2ZdCrBA52bb4pIG3tOOZiQ,"Dark Queen","Luv Is Rage 2","Lil Uzi Vert",2017-08-25,173419,65,true,21opbfqensrqobjzl3lumijsy,2023-02-18T08:48:45Z,"melodic rap,rage rap","Generation Now/Atlantic",0.747,0.606,4,-5.286,1,0.172,0.222,0,0.281,0.2,155.055,4
spotify:track:5w40ZYhbBMAlHYNDaVJIUu,"Chemical","Chemical","Post Malone",2023-04-14,184013,77,true,21opbfqensrqobjzl3lumijsy,2023-04-14T05:42:43Z,"","Mercury Records/Republic Records",0.49,0.88,2,-4.856,1,0.0435,0.00154,0,0.103,0.392,169.949,4
spotify:local:::Juice+WRLD+-+Cali+Girl+%28Lyrics%29:141,"Juice WRLD - Cali Girl (Lyrics)","","",,141000,0,false,21opbfqensrqobjzl3lumijsy,2023-04-17T20:34:49Z,"","undefined",,,,,,,,,,,,
spotify:local:::Juice+WRLD+-+You%27re+My+Everything+%28Lyrics%29:229,"Juice WRLD - You're My Everything (Lyrics)","","",,229000,0,false,21opbfqensrqobjzl3lumijsy,2023-04-17T20:34:51Z,"","undefined",,,,,,,,,,,,
spotify:local:::cupids+carcass+-+lyrics+-+juice+wrld:131,"cupids carcass - lyrics - juice wrld","","",,131000,0,false,21opbfqensrqobjzl3lumijsy,2023-04-17T20:34:53Z,"","undefined",,,,,,,,,,,,
spotify:track:0gWrMbx6pbdH3n3nsLjE55,"Mourning","Mourning","Post Malone",2023-05-19,147819,61,true,21opbfqensrqobjzl3lumijsy,2023-05-19T19:59:34Z,"","Mercury Records/Republic Records",0.598,0.655,9,-4.568,1,0.0316,0.0849,0,0.284,0.242,74.013,4
spotify:local:Post+Malone:Post+Malone+-+Unreleased:Post+Malone+-+Malibu+ft.+24hrs+-+Unreleased:251,"Post Malone - Malibu ft. 24hrs - Unreleased","Post Malone - Unreleased","Post Malone",,251000,0,false,21opbfqensrqobjzl3lumijsy,2023-06-01T23:06:33Z,"","undefined",,,,,,,,,,,,
spotify:track:4daEMLSZCgZ2Mt7gNm2SRa,"Flooded The Face","Pink Tape","Lil Uzi Vert",2023-06-30,192727,68,true,21opbfqensrqobjzl3lumijsy,2023-06-30T14:29:52Z,"melodic rap,rage rap","Generation Now/Atlantic",0.64,0.609,1,-7.714,0,0.304,0.492,0.00000247,0.152,0.393,131.889,4
spotify:track:3t0ic4mkhvhamrKDkulB8v,"Overdrive","Overdrive","Post Malone",2023-07-14,147679,60,false,21opbfqensrqobjzl3lumijsy,2023-07-15T01:34:01Z,"","Mercury Records/Republic Records",0.555,0.729,1,-5.062,1,0.0443,0.000374,0.000139,0.347,0.482,139.864,4
spotify:track:22VHOlVYBqytsrAqV8yXBK,"Dial Drunk (with Post Malone)","Dial Drunk (with Post Malone)","Noah Kahan;Post Malone",2023-07-18,213817,80,true,21opbfqensrqobjzl3lumijsy,2023-07-18T00:27:24Z,"","Mercury Records/Republic Records",0.669,0.606,8,-7.193,1,0.0292,0.124,0,0.112,0.69,112.108,4
spotify:track:6wOmmoM5nyS6mOyzo9wDjC,"Buyer Beware","AUSTIN","Post Malone",2023-07-28,173481,54,true,21opbfqensrqobjzl3lumijsy,2023-07-28T22:33:48Z,"","Mercury Records/Republic Records",0.643,0.815,7,-4.316,0,0.0596,0.0315,0,0.161,0.406,119.943,4
spotify:track:444vevlQjTnKioLLncteGv,"Something Real","AUSTIN","Post Malone",2023-07-28,205287,62,true,21opbfqensrqobjzl3lumijsy,2023-07-28T22:42:09Z,"","Mercury Records/Republic Records",0.433,0.777,11,-5.105,0,0.0435,0.000263,0,0.366,0.247,135.335,4
spotify:track:3FtQes77xlbS9QTVts7p2u,"Too Cool To Die","AUSTIN","Post Malone",2023-07-28,204952,65,true,21opbfqensrqobjzl3lumijsy,2023-07-28T22:56:40Z,"","Mercury Records/Republic Records",0.582,0.749,0,-5.524,1,0.0389,0.00375,0,0.113,0.433,106.999,4
spotify:track:4mahloUW5K6KeGijwnMGDr,"Sign Me Up","AUSTIN","Post Malone",2023-07-28,198937,59,true,21opbfqensrqobjzl3lumijsy,2023-07-28T22:57:35Z,"","Mercury Records/Republic Records",0.501,0.85,0,-4.591,1,0.0688,0.0000192,0,0.347,0.416,145.834,4
spotify:track:3ZcJaN63FKEMxDWWPefsiW,"Socialite","AUSTIN","Post Malone",2023-07-28,199021,55,true,21opbfqensrqobjzl3lumijsy,2023-07-28T23:02:24Z,"","Mercury Records/Republic Records",0.545,0.712,2,-5.656,1,0.0329,0.0302,0,0.357,0.209,90.902,4
spotify:track:1jekKGHnTIFpOIVRzlbJOW,"Enough Is Enough","AUSTIN (Bonus)","Post Malone",2023-08-02,165175,49,true,21opbfqensrqobjzl3lumijsy,2023-08-02T07:00:38Z,"","Mercury Records/Republic Records",0.491,0.748,0,-5.019,1,0.0324,0.0128,0,0.106,0.379,165.996,4
spotify:track:16umEj2wKmmgYIzgsC1CBF,"Videre","Videre","Blæst",2023-06-16,181443,0,false,21opbfqensrqobjzl3lumijsy,2023-08-13T10:36:39Z,"dansk pop,dansktop","Universal Music A/S",0.79,0.612,1,-5.449,0,0.0384,0.22,0.00000241,0.0848,0.964,126.055,4
spotify:track:26EjM7ZMAnWOKPAuKNOX24,"Laugh It Off","AUSTIN","Post Malone",2023-07-28,246503,57,true,21opbfqensrqobjzl3lumijsy,2023-11-29T15:22:16Z,"","Mercury Records/Republic Records",0.494,0.54,9,-5.807,1,0.0407,0.0141,0.00000105,0.0792,0.248,152.115,4
spotify:track:6V1TqJxtw3P0ouCKICvl9l,"Novacandy","AUSTIN","Post Malone",2023-07-28,197287,58,true,21opbfqensrqobjzl3lumijsy,2023-11-29T15:25:23Z,"","Mercury Records/Republic Records",0.402,0.723,1,-5.067,0,0.0539,0.0358,0,0.176,0.0922,155.053,5
spotify:track:2OzhQlSqBEmt7hmkYxfT6m,"Fortnight (feat. Post Malone)","THE TORTURED POETS DEPARTMENT","Taylor Swift;Post Malone",2024-04-18,228965,83,false,21opbfqensrqobjzl3lumijsy,2024-04-19T06:29:17Z,"","Taylor Swift",0.504,0.386,11,-10.976,1,0.0308,0.502,0.0000153,0.0961,0.281,192.004,4
spotify:track:7221xIgOnuakPdLqT0F3nP,"I Had Some Help (Feat. Morgan Wallen)","I Had Some Help","Post Malone;Morgan Wallen",2024-05-10,178205,83,true,21opbfqensrqobjzl3lumijsy,2024-05-10T14:24:26Z,"country","Mercury Records/Republic Records",0.638,0.855,7,-4.86,1,0.0264,0.00757,0,0.245,0.731,127.986,4
spotify:track:5ZLL6wYXeqg0k35ZkDRfhZ,"Pour Me A Drink (Feat. Blake Shelton)","Pour Me A Drink","Post Malone;Blake Shelton",2024-06-21,195122,69,false,21opbfqensrqobjzl3lumijsy,2024-06-21T14:48:50Z,"country","Mercury Records/Post Malone",0.577,0.904,11,-3.817,1,0.033,0.0018,0,0.308,0.861,119.033,4
spotify:track:5crxqqibcvoOQQgg4HjAFQ,"Guy For That (Feat. Luke Combs)","Guy For That","Post Malone;Luke Combs",2024-07-26,164011,66,false,21opbfqensrqobjzl3lumijsy,2024-07-28T16:33:21Z,"country","Mercury Records/Republic Records",0.608,0.914,8,-4.116,1,0.0721,0.00545,0,0.137,0.511,120.01,4
spotify:track:3nI1lZcOKxp4QHG6fCOW6g,"Wrong Ones (Feat. Tim McGraw)","F-1 Trillion: Long Bed","Post Malone;Tim McGraw",2024-08-16,195822,56,true,21opbfqensrqobjzl3lumijsy,2024-08-17T23:03:08Z,"country,classic country","Mercury Records/Post Malone",0.437,0.785,0,-3.846,1,0.0366,0.00593,0,0.143,0.604,162.032,4
spotify:track:5QCOS7bwiz2i3jQqB8KZGS,"Finer Things (Feat. Hank Williams Jr.)","F-1 Trillion: Long Bed","Post Malone;Hank Williams, Jr.",2024-08-16,185533,53,false,21opbfqensrqobjzl3lumijsy,2024-08-17T23:03:08Z,"outlaw country,classic country,country,honky tonk,country rock","Mercury Records/Post Malone",0.626,0.933,5,-3.48,0,0.0378,0.00512,0,0.393,0.714,123.961,4
spotify:track:2PoE4L4YsgxtCgqBogKc5c,"I Had Some Help (Feat. Morgan Wallen)","F-1 Trillion: Long Bed","Post Malone;Morgan Wallen",2024-08-16,178205,55,true,21opbfqensrqobjzl3lumijsy,2024-08-17T23:03:08Z,"country","Mercury Records/Post Malone",0.638,0.859,0,-4.775,1,0.0263,0.00981,0,0.227,0.794,127.991,4
spotify:track:5JNdWvUQz88ReuMRhbt2a7,"Pour Me A Drink (Feat. Blake Shelton)","F-1 Trillion: Long Bed","Post Malone;Blake Shelton",2024-08-16,195122,54,false,21opbfqensrqobjzl3lumijsy,2024-08-17T23:03:08Z,"country","Mercury Records/Post Malone",0.579,0.906,11,-3.832,1,0.0336,0.00189,0,0.305,0.893,119.031,4
spotify:track:2jl6rKH9qQsCgmeDytere3,"Have The Heart (Feat. Dolly Parton)","F-1 Trillion: Long Bed","Post Malone;Dolly Parton",2024-08-16,183333,51,false,21opbfqensrqobjzl3lumijsy,2024-08-17T23:03:08Z,"country,classic country","Mercury Records/Post Malone",0.621,0.79,9,-2.68,1,0.0308,0.0107,0,0.285,0.754,116.977,4
spotify:track:3yjJCbT29Wc8ccWy9yag7l,"What Don't Belong To Me","F-1 Trillion: Long Bed","Post Malone",2024-08-16,207176,54,false,21opbfqensrqobjzl3lumijsy,2024-08-17T23:03:08Z,"","Mercury Records/Post Malone",0.392,0.907,10,-5.239,1,0.104,0.0972,0,0.148,0.572,84.126,4
spotify:track:150w1WjVxUWycZqTflcDAe,"Goes Without Saying (Feat. Brad Paisley)","F-1 Trillion: Long Bed","Post Malone;Brad Paisley",2024-08-16,212353,51,false,21opbfqensrqobjzl3lumijsy,2024-08-17T23:03:08Z,"country","Mercury Records/Post Malone",0.466,0.796,11,-4.962,1,0.0308,0.00147,0,0.0848,0.531,78.963,4
spotify:track:65nOJMlffOn2mhgyCLl4eo,"Guy For That (Feat. Luke Combs)","F-1 Trillion: Long Bed","Post Malone;Luke Combs",2024-08-16,164011,53,false,21opbfqensrqobjzl3lumijsy,2024-08-17T23:03:08Z,"country","Mercury Records/Post Malone",0.607,0.911,8,-4.084,1,0.0715,0.00573,0,0.147,0.478,120.01,4
spotify:track:1gartEVtdwerBS7LDybF2j,"Nosedive (Feat. Lainey Wilson)","F-1 Trillion: Long Bed","Post Malone;Lainey Wilson",2024-08-16,192459,51,false,21opbfqensrqobjzl3lumijsy,2024-08-17T23:03:08Z,"country","Mercury Records/Post Malone",0.439,0.797,10,-2.998,1,0.0356,0.11,0,0.0814,0.546,154.018,4
spotify:track:7x3lbhchD4MeSflqqMl5AN,"Losers (Feat. Jelly Roll)","F-1 Trillion: Long Bed","Post Malone;Jelly Roll",2024-08-16,209038,52,false,21opbfqensrqobjzl3lumijsy,2024-08-17T23:03:08Z,"country hip hop,country","Mercury Records/Post Malone",0.609,0.759,0,-4.004,0,0.0287,0.0271,0,0.145,0.445,93.973,4
spotify:track:7CCYpMwDe5eH5PRzJ6owTA,"Devil I've Been (Feat. ERNEST)","F-1 Trillion: Long Bed","Post Malone;ERNEST",2024-08-16,182924,51,false,21opbfqensrqobjzl3lumijsy,2024-08-17T23:03:08Z,"country","Mercury Records/Post Malone",0.629,0.813,4,-3.365,1,0.0266,0.00464,0,0.0969,0.814,112.011,4
spotify:track:6H5VHVg9TIiX2HFbBhD1aw,"Never Love You Again (Feat. Sierra Ferrell)","F-1 Trillion: Long Bed","Post Malone;Sierra Ferrell",2024-08-16,186861,49,false,21opbfqensrqobjzl3lumijsy,2024-08-17T23:03:08Z,"americana,bluegrass,alt country","Mercury Records/Post Malone",0.567,0.537,1,-5.027,1,0.0245,0.115,0.0000016,0.271,0.359,107.958,3
spotify:track:7MzbSTn0EYOgLPD77gBpbW,"Missin’ You Like This (Feat. Luke Combs)","F-1 Trillion: Long Bed","Post Malone;Luke Combs",2024-08-16,222781,52,false,21opbfqensrqobjzl3lumijsy,2024-08-17T23:03:08Z,"country","Mercury Records/Post Malone",0.499,0.712,7,-4.886,1,0.0275,0.0222,0,0.375,0.45,78.986,4
spotify:track:3nrot8erPmV7L5BrPW9mVi,"California Sober (Feat. Chris Stapleton)","F-1 Trillion: Long Bed","Post Malone;Chris Stapleton",2024-08-16,204411,60,true,21opbfqensrqobjzl3lumijsy,2024-08-17T23:03:08Z,"country,outlaw country","Mercury Records/Post Malone",0.466,0.966,0,-3.703,0,0.0401,0.00399,0.0000271,0.287,0.674,92.52,4
spotify:track:1BLk8GO0IOT6GlRvmLIM0d,"Hide My Gun (Feat. HARDY)","F-1 Trillion: Long Bed","Post Malone;HARDY",2024-08-16,220479,51,true,21opbfqensrqobjzl3lumijsy,2024-08-17T23:03:08Z,"country,country rock","Mercury Records/Post Malone",0.506,0.641,7,-5.019,1,0.0393,0.0314,0,0.248,0.381,145.857,4
spotify:track:5YpGtgrW64ZerAxtxqh0w2,"Right About You","F-1 Trillion: Long Bed","Post Malone",2024-08-16,183046,50,false,21opbfqensrqobjzl3lumijsy,2024-08-17T23:03:08Z,"","Mercury Records/Post Malone",0.44,0.859,5,-5.338,1,0.0344,0.00564,0,0.17,0.747,172.075,4
spotify:track:4l1naE7FrhvBrEkNjtGbSB,"M-E-X-I-C-O (Feat. Billy Strings)","F-1 Trillion: Long Bed","Post Malone;Billy Strings",2024-08-16,155928,50,false,21opbfqensrqobjzl3lumijsy,2024-08-17T23:03:08Z,"bluegrass,newgrass,jam band,americana","Mercury Records/Post Malone",0.604,0.968,1,-3.417,1,0.0511,0.00834,0,0.349,0.614,127.974,4
spotify:track:4YAHUhyTzxbA5BkMTbvKqb,"Yours","F-1 Trillion: Long Bed","Post Malone",2024-08-16,199438,52,false,21opbfqensrqobjzl3lumijsy,2024-08-17T23:03:08Z,"","Mercury Records/Post Malone",0.522,0.663,5,-5.249,1,0.0287,0.0908,0,0.28,0.364,148.107,4
spotify:track:1QTNo6sCt8km4v3GyHRNlS,"Fallin’ In Love","F-1 Trillion: Long Bed","Post Malone",2024-08-16,171185,58,false,21opbfqensrqobjzl3lumijsy,2024-08-17T23:03:08Z,"","Mercury Records/Post Malone",0.626,0.881,9,-3.508,1,0.0278,0.00209,0,0.341,0.676,114.924,4
spotify:track:0b89M5bonRIcsR781e4xGT,"Dead At The Honky Tonk","F-1 Trillion: Long Bed","Post Malone",2024-08-16,213225,59,false,21opbfqensrqobjzl3lumijsy,2024-08-17T23:03:08Z,"","Mercury Records/Post Malone",0.461,0.87,5,-4.273,0,0.0661,0.0246,0,0.0959,0.606,165.962,4
spotify:track:3G8syjk315Wb6f3mG3rgC1,"Killed A Man","F-1 Trillion: Long Bed","Post Malone",2024-08-16,185608,54,false,21opbfqensrqobjzl3lumijsy,2024-08-17T23:03:08Z,"","Mercury Records/Post Malone",0.496,0.642,2,-4.536,0,0.0283,0.112,0,0.297,0.467,83.893,4
spotify:track:4ApqBh1Xnrpwx6EbhoUPgq,"Ain’t How It Ends","F-1 Trillion: Long Bed","Post Malone",2024-08-16,201961,62,false,21opbfqensrqobjzl3lumijsy,2024-08-17T23:03:08Z,"","Mercury Records/Post Malone",0.502,0.809,7,-3.608,1,0.0322,0.0017,0,0.219,0.555,171.952,4
spotify:track:1uukncdtRehiZS3SMHOxYZ,"Hey Mercedes","F-1 Trillion: Long Bed","Post Malone",2024-08-16,202638,63,false,21opbfqensrqobjzl3lumijsy,2024-08-17T23:03:08Z,"","Mercury Records/Post Malone",0.586,0.902,8,-3.025,1,0.0424,0.00156,0,0.389,0.634,132.058,4
spotify:track:6xz2HtIi1xp4bMKeFJ3krV,"Go To Hell","F-1 Trillion: Long Bed","Post Malone",2024-08-16,267330,51,true,21opbfqensrqobjzl3lumijsy,2024-08-17T23:03:08Z,"","Mercury Records/Post Malone",0.363,0.84,2,-4.31,1,0.0416,0.000586,0,0.332,0.53,124.126,4
spotify:track:3vBTLInbHYx46zZZEpQx1C,"Two Hearts","F-1 Trillion: Long Bed","Post Malone",2024-08-16,206753,52,false,21opbfqensrqobjzl3lumijsy,2024-08-17T23:03:08Z,"","Mercury Records/Post Malone",0.537,0.476,5,-6.974,1,0.026,0.568,0,0.134,0.5,147.853,4
spotify:track:58BnhZIDqSFWmXsj3UA1Un,"Who Needs You","F-1 Trillion: Long Bed","Post Malone",2024-08-16,169864,55,false,21opbfqensrqobjzl3lumijsy,2024-08-17T23:03:08Z,"","Mercury Records/Post Malone",0.564,0.808,10,-5.13,0,0.041,0.0545,0,0.366,0.953,164.288,4
spotify:track:4fe6BhZYJJw7XRZk6muwzm,"Back To Texas","F-1 Trillion: Long Bed","Post Malone",2024-08-16,167833,53,false,21opbfqensrqobjzl3lumijsy,2024-08-17T23:03:08Z,"","Mercury Records/Post Malone",0.545,0.837,1,-4.098,1,0.047,0.0147,0,0.344,0.706,134.843,4
spotify:track:2ZlCGeK30BLRNSPC832pNZ,"Forever (feat. Post Malone & Clever)","Changes","Justin Bieber;Post Malone;Clever",2020-02-14,219933,66,false,21opbfqensrqobjzl3lumijsy,2024-08-18T13:29:48Z,"","RBMG/Def Jam",0.824,0.483,8,-5.746,0,0.08,0.538,0.0000149,0.204,0.892,139.98,4
spotify:local:::Polo+G+-+Flex+%28Official+Audio%29+ft.+Juice+WRLD:164,"Polo G - Flex (Official Audio) ft. Juice WRLD","","",,164000,0,false,21opbfqensrqobjzl3lumijsy,2025-03-25T08:08:27Z,"","undefined",,,,,,,,,,,,
spotify:track:2YPvtB4dfM3fETpN4t7Ien,"Cold (feat. Post Malone)","Cold (feat. Post Malone)","BigXthaPlug;Post Malone",2025-11-21,188800,56,true,21opbfqensrqobjzl3lumijsy,2025-11-25T14:19:05Z,"southern hip hop","BigXthaPlug under exclusive license to UnitedMasters LLC",0.596,0.825,6,-4.625,1,0.104,0.0567,0,0.1,0.531,157.98,4
spotify:track:2doTTX8MLsVnAyAQqmqV7j,"Elsker Dig Så Meget","Dine Venner","Blæst",2024-10-11,202453,60,false,21opbfqensrqobjzl3lumijsy,2026-06-07T18:52:11Z,"dansk pop,dansktop","Universal Music A/S",0.68,0.717,8,-6.253,1,0.0372,0.11,0.0000021,0.138,0.702,160.051,4
spotify:track:741gKfxwv3ula55pRYlR7F,"Disko i KBH","Dine Venner","Blæst",2024-10-11,173777,47,false,21opbfqensrqobjzl3lumijsy,2026-06-07T18:58:02Z,"dansk pop,dansktop","Universal Music A/S",0.866,0.601,9,-5.357,0,0.0433,0.221,0,0.333,0.873,115.011,4
spotify:track:4gzE3s3gWflm3cUHYwPXz0,"Hvor Er Du Nu","Dine Venner","Blæst",2024-10-11,188582,26,false,21opbfqensrqobjzl3lumijsy,2026-06-07T19:04:12Z,"dansk pop,dansktop","Universal Music A/S",0.77,0.67,7,-6.202,1,0.0308,0.0706,0.0278,0.134,0.938,116.999,4
spotify:track:0jbo9gB4joAfLjKQX3XSdV,"Det Du Ikk’ Må","Dine Venner","Blæst",2024-10-11,237689,22,false,21opbfqensrqobjzl3lumijsy,2026-06-07T19:09:14Z,"dansk pop,dansktop","Universal Music A/S",0.392,0.596,4,-6.502,0,0.0735,0.273,0.000349,0.217,0.384,82.029,4
spotify:track:62ULtmT9IgrELMOpd4SJqi,"Den nye pige","Den nye pige","Blæst",2025-08-29,169851,56,false,21opbfqensrqobjzl3lumijsy,2026-06-07T19:26:54Z,"dansk pop,dansktop","Island Records Denmark / Capitol Records Denmark",0.755,0.703,2,-5.226,1,0.0369,0.118,0.00000578,0.371,0.8,128,4
spotify:track:5WkXKxTw8DaYyPLn35nG2G,"Før det kan gå op","BLÆST FOREVER","Blæst;Karoline Mousing",2026-06-19,164883,33,false,21opbfqensrqobjzl3lumijsy,2026-07-20T23:27:37Z,"dansk pop,dansktop","Universal Music A/S",0.534,0.754,8,-5.57,0,0.0552,0.245,0,0.137,0.147,87.247,4
spotify:track:2oEvJBlUWV8tiB46OFoPNm,"Ekko","BLÆST FOREVER","Blæst;Makosir",2026-06-19,178490,33,false,21opbfqensrqobjzl3lumijsy,2026-07-20T23:43:30Z,"dansk pop,dansktop,norwegian hip hop,norwegian pop","Universal Music A/S",0.65,0.845,9,-5.907,0,0.0938,0.0864,0.0000914,0.157,0.52,91.973,4
spotify:track:6yNgksIvyLstd9w0HscPkz,"Er Vi Okay?","Er Vi Okay?","ICEKIID;Blæst",2026-03-20,150057,57,false,21opbfqensrqobjzl3lumijsy,2026-07-20T23:47:05Z,"dansk rap,dansk pop,dansktop","Island Nordic",0.776,0.733,2,-8.607,1,0.135,0.301,0,0.354,0.603,120.067,4
spotify:track:4DUKNAGXgyQDgPIwEFWPgv,"Fredag:Mandag","Dine Venner","Blæst",2024-10-11,164236,23,false,21opbfqensrqobjzl3lumijsy,2026-07-21T11:19:41Z,"dansk pop,dansktop","Universal Music A/S",0.689,0.833,8,-4.919,0,0.0333,0.0308,0.00893,0.0617,0.708,103.989,4
spotify:track:13FqfGjRrTuwkBjKBLDHMN,"Dine Venner","Dine Venner","Blæst",2024-10-11,181911,40,true,21opbfqensrqobjzl3lumijsy,2026-07-21T11:36:45Z,"dansk pop,dansktop","Universal Music A/S",0.732,0.604,11,-8.386,0,0.0846,0.626,0.00517,0.446,0.749,76.941,4
spotify:track:7mN2sORwclTgy1IsWLwY8S,"Kig Op Fra Gulvet","Stiv Kuling","Blæst",2022-09-30,158746,39,false,21opbfqensrqobjzl3lumijsy,2026-07-21T12:19:05Z,"dansk pop,dansktop","Universal Music A/S",0.742,0.759,11,-6.086,1,0.0594,0.0983,0,0.0899,0.561,112.011,4
spotify:track:6zSW85VF6TNKwqnkFmIXmx,"Gemmeleg (feat. Dusin)","Gemmeleg (feat. Dusin)","Blæst;Dusin",2020-04-03,185084,26,false,21opbfqensrqobjzl3lumijsy,2026-07-21T12:58:58Z,"dansk pop,dansktop","W.A.S. Entertainment",0.85,0.617,9,-5.648,0,0.0534,0.296,0,0.055,0.846,118.01,4
